-- phpMyAdmin SQL Dump
-- version 4.2.10
-- http://www.phpmyadmin.net
--
-- Host: localhost:8889
-- Generation Time: 2015 年 11 月 24 日 04:56
-- サーバのバージョン： 5.5.38
-- PHP Version: 5.6.2

SET SQL_MODE = "NO_AUTO_VALUE_ON_ZERO";
SET time_zone = "+00:00";

--
-- Database: `prokate`
--

-- --------------------------------------------------------

--
-- テーブルの構造 `comments`
--

CREATE TABLE `comments` (
`id` int(11) NOT NULL,
  `commenter` varchar(255) DEFAULT NULL,
  `teacher_id` varchar(11) CHARACTER SET latin1 NOT NULL,
  `user_id` int(8) NOT NULL,
  `created` datetime DEFAULT NULL,
  `modified` datetime DEFAULT NULL,
  `body` varchar(255) NOT NULL,
  `Comment.teacher_id` int(20) NOT NULL,
  `password` varchar(20) NOT NULL,
  `treated_value` int(2) NOT NULL
) ENGINE=InnoDB AUTO_INCREMENT=80 DEFAULT CHARSET=utf8;

--
-- テーブルのデータのダンプ `comments`
--

INSERT INTO `comments` (`id`, `commenter`, `teacher_id`, `user_id`, `created`, `modified`, `body`, `Comment.teacher_id`, `password`, `treated_value`) VALUES
(1, 'fff', '1', 0, '2015-09-23 00:00:00', '0000-00-00 00:00:00', '', 0, '0', 0),
(4, 'b3', '', 0, '2015-10-19 22:49:42', '2015-10-19 22:49:42', 'c3', 0, '0', 0),
(5, 'aaa', '', 0, '2015-10-22 16:18:20', '2015-10-22 16:18:20', 'aa', 0, '$2a$10$D8rj5BCVWRFnU', 0),
(8, 'dd', '', 0, '2015-10-22 20:11:27', '2015-10-22 20:11:27', 'd', 0, '$2a$10$A17kcCXePiXZ0', 0),
(9, 'd', '', 0, '2015-10-22 20:12:05', '2015-10-22 20:12:05', 'aa', 0, '$2a$10$8wgAnFlZ/8yWa', 0),
(10, '1', '', 0, '2015-10-24 06:19:02', '2015-10-24 06:19:02', '???', 0, '$2a$10$H1SajjH7a8Wvm', 0),
(20, 'dsf', '', 0, '2015-10-26 11:35:15', NULL, 'sfds', 0, '', 0),
(21, 'sd', '', 0, '2015-10-26 11:36:30', NULL, 'sdf', 0, '', 0),
(22, 'dfs', '', 0, '2015-10-26 11:36:50', NULL, 'sdf', 0, '', 0),
(23, 'dfs', '', 0, '2015-10-26 11:37:02', NULL, 'sdf', 0, '', 0),
(24, '名無しさん', '', 0, '2015-10-26 11:37:46', NULL, 'dsf', 0, '', 0),
(25, '名無しさん', '', 0, '2015-10-26 11:40:09', NULL, 'sdf', 0, '', 0),
(26, '名無しさん', '', 0, '2015-10-26 11:46:39', NULL, 'test', 0, '', 0),
(27, '名無しさん', '', 0, '2015-10-26 11:53:06', NULL, 'test', 0, '', 0),
(28, '名無しさん', '', 0, '2015-10-26 11:55:42', NULL, 'test', 0, '', 0),
(29, 'dfs', '', 0, '2015-10-26 11:55:53', NULL, 'sdfs', 0, '', 0),
(30, 'fdsf', '', 0, '2015-10-26 11:57:13', NULL, 'sdfds', 0, '', 0),
(31, 'あいう', '', 0, '2015-10-26 11:57:45', NULL, 'テスト', 0, '', 0),
(32, 'aaa', '', 0, '2015-10-26 11:58:12', NULL, 'ddfs', 0, '', 0),
(33, '名無しさん', '', 0, '2015-10-26 12:03:44', NULL, 'test', 0, '', 0),
(34, 'sdf', '', 0, '2015-10-26 12:10:26', NULL, 'sdf', 0, '2', 0),
(35, 'sdf', '', 0, '2015-10-26 12:12:58', NULL, 'sdfsdf', 0, '2', 0),
(36, 'sdf', '', 0, '2015-10-26 12:13:09', NULL, 'sdfsdffds', 0, '2', 0),
(37, 'あいうえお', '', 0, '2015-10-26 12:16:25', NULL, '日本語', 0, '3', 0),
(38, 'あいうえお', '', 0, '2015-10-26 12:18:08', NULL, '日本語', 0, '3', 0),
(39, '名無しさん', '', 0, '2015-10-26 13:21:22', NULL, 'test', 0, '0', 0),
(40, '名無しさん', '', 0, '2015-10-26 13:21:55', NULL, 'test', 0, '0', 0),
(41, '名無しさん', '', 0, '2015-10-26 13:27:01', NULL, 'test', 0, '0', 0),
(42, '名無しさん', '', 0, '2015-10-26 13:27:50', NULL, 'test', 0, '0', 0),
(43, '名無しさん', '', 0, '2015-10-26 13:28:33', NULL, 'test', 0, '0', 0),
(44, '名無しさん', '', 0, '2015-10-26 13:29:00', NULL, 'test', 0, '0', 0),
(45, '名無しさん', '', 0, '2015-10-26 13:30:01', NULL, 'test', 0, '0', 0),
(46, '名無しさん', '', 0, '2015-10-26 13:30:16', NULL, 'test', 0, '0', 0),
(47, '名無しさん', '', 0, '2015-10-26 13:30:36', NULL, 'test', 0, '0', 0),
(48, '名無しさん', '', 0, '2015-10-27 01:50:28', NULL, 'test', 0, '0', 0),
(49, '名無しさん', '', 0, '2015-10-28 22:16:29', NULL, 'test', 0, '0', 0),
(50, 'kazuki', '8', 0, '2015-11-07 17:44:25', '2015-11-07 17:44:25', '教えます。', 0, '', 0),
(51, 'kazuki', '8', 0, '2015-11-07 17:44:43', '2015-11-07 17:44:43', '教えます。', 0, '', 0),
(52, 'kazuki', '', 8, '2015-11-08 05:46:38', '2015-11-08 05:46:38', '教えて', 0, '', 0),
(53, 'kazuki', '', 8, '2015-11-08 05:46:50', '2015-11-08 05:46:50', '教えて', 0, '', 0),
(54, 'kazuki', '', 10, '2015-11-08 05:46:57', '2015-11-08 05:46:57', 'おセイレ', 0, '', 0),
(55, 'kazuki', '', 10, '2015-11-08 05:52:03', '2015-11-08 05:52:03', 'klj;j', 0, '', 0),
(56, 'kazuki', '', 10, '2015-11-08 05:55:19', '2015-11-08 05:55:19', 'dsfsfds', 0, '', 0),
(57, 'kazuki', '', 10, '2015-11-08 05:56:55', '2015-11-08 05:56:55', 'dsfsfdsdsf', 0, '', 0),
(58, 'kazuki', '10', 0, '2015-11-08 05:57:00', '2015-11-08 05:57:00', 'fdsfds', 0, '', 0),
(59, 'kazuki', '41', 10, '2015-11-08 12:02:25', '2015-11-08 12:02:25', '興味あり', 0, '', 0),
(61, 'kazuki', '10', 0, '2015-11-08 12:19:05', '2015-11-08 12:19:05', '俺も教えて', 0, '', 0),
(62, 'kazuki', '17', 10, '2015-11-08 12:22:53', '2015-11-08 12:22:53', 'これいいな', 0, '', 0),
(63, 'kazuki', '8', 5, '2015-11-08 21:38:01', '2015-11-08 21:38:01', '', 0, '', 0),
(64, 'kazuki', '8', 5, '2015-11-08 21:38:08', '2015-11-08 21:38:08', 'ddfdfs', 0, '', 0),
(65, 'kazuki', '9', 10, '2015-11-09 08:31:39', '2015-11-09 08:31:39', 'fff', 0, '', 0),
(66, 'kazuki', '9', 10, '2015-11-09 09:43:50', '2015-11-09 09:43:50', '詳細聞きたい', 0, '', 0),
(67, 'kazuki', '41', 10, '2015-11-09 09:54:04', '2015-11-09 09:54:04', '追加', 0, '', 0),
(68, 'kazuki', '9', 10, '2015-11-09 13:37:58', '2015-11-09 13:37:58', 'わかりました', 0, '', 0),
(69, 'kazuki', '8', 5, '2015-11-09 21:14:21', '2015-11-09 21:14:21', 'コメント', 0, '', 0),
(70, 'kazuki', '8', 10, '2015-11-17 17:06:48', '2015-11-17 17:06:48', 'ありがとう！', 0, '', 0),
(71, 'kazuki', '11', 10, '2015-11-18 14:16:49', '2015-11-18 14:16:49', '講師に興味があります！', 0, '', 0),
(72, 'kazuki', '8', 3, '2015-11-19 03:16:39', '2015-11-19 03:16:39', 'ddd', 0, '', 0),
(73, 'kazuki', '8', 32, '2015-11-21 14:52:16', '2015-11-21 14:52:16', '遊びたい', 0, '', 0),
(74, 'kazuki', '11', 0, '2015-11-22 02:54:24', '2015-11-22 02:54:24', '教えて下さい！', 0, '', 0),
(75, '', '37   2015-1', 3, '2015-11-23 11:21:53', '2015-11-23 11:21:53', '教えましょうか', 0, '', 0),
(76, 'シャナ', '63', 3, '2015-11-23 11:24:04', '2015-11-23 11:24:04', '教えるよ！', 0, '', 0),
(77, 'シャナ', '63', 24, '2015-11-23 12:09:10', '2015-11-23 12:09:10', '教えます。', 0, '', 0),
(78, 'シャナ', '63', 20, '2015-11-24 03:13:15', '2015-11-24 03:13:15', '教えますよ。', 0, '', 0),
(79, 'シャナ', '63', 38, '2015-11-24 12:02:20', '2015-11-24 12:02:20', '何を学びたい？', 0, '', 0);

-- --------------------------------------------------------

--
-- テーブルの構造 `images`
--

CREATE TABLE `images` (
`id` int(11) NOT NULL,
  `filename` varchar(60) NOT NULL,
  `contents` mediumblob NOT NULL,
  `moto_filename` text NOT NULL,
  `filetype` text NOT NULL,
  `filesize` int(11) NOT NULL
) ENGINE=InnoDB AUTO_INCREMENT=3 DEFAULT CHARSET=utf8;

--
-- テーブルのデータのダンプ `images`
--

INSERT INTO `images` (`id`, `filename`, `contents`, `moto_filename`, `filetype`, `filesize`) VALUES
(1, 'cee5132e7e8ada7342f66cb50a901b20.png', 0x89504e470d0a1a0a0000000d49484452000000710000009e0806000000056ce5870000001974455874536f6674776172650041646f626520496d616765526561647971c9653c0000032269545874584d4c3a636f6d2e61646f62652e786d7000000000003c3f787061636b657420626567696e3d22efbbbf222069643d2257354d304d7043656869487a7265537a4e54637a6b633964223f3e203c783a786d706d65746120786d6c6e733a783d2261646f62653a6e733a6d6574612f2220783a786d70746b3d2241646f626520584d5020436f726520352e302d633036302036312e3133343737372c20323031302f30322f31322d31373a33323a30302020202020202020223e203c7264663a52444620786d6c6e733a7264663d22687474703a2f2f7777772e77332e6f72672f313939392f30322f32322d7264662d73796e7461782d6e7323223e203c7264663a4465736372697074696f6e207264663a61626f75743d222220786d6c6e733a786d703d22687474703a2f2f6e732e61646f62652e636f6d2f7861702f312e302f2220786d6c6e733a786d704d4d3d22687474703a2f2f6e732e61646f62652e636f6d2f7861702f312e302f6d6d2f2220786d6c6e733a73745265663d22687474703a2f2f6e732e61646f62652e636f6d2f7861702f312e302f73547970652f5265736f75726365526566232220786d703a43726561746f72546f6f6c3d2241646f62652050686f746f73686f7020435335204d6163696e746f73682220786d704d4d3a496e7374616e636549443d22786d702e6969643a38413630384239303730344331314531383646323841343143463138343541372220786d704d4d3a446f63756d656e7449443d22786d702e6469643a3841363038423931373034433131453138364632384134314346313834354137223e203c786d704d4d3a4465726976656446726f6d2073745265663a696e7374616e636549443d22786d702e6969643a3841363038423845373034433131453138364632384134314346313834354137222073745265663a646f63756d656e7449443d22786d702e6469643a3841363038423846373034433131453138364632384134314346313834354137222f3e203c2f7264663a4465736372697074696f6e3e203c2f7264663a5244463e203c2f783a786d706d6574613e203c3f787061636b657420656e643d2272223f3e73020d09000026d44944415478daec5d097814c512aedd6c7693cd9d908b040248080184702302720a2a78a0783d05544004c5e33d15f43d8f271e5c8a020a2a020f10100511b93c1011410884fbbe09470e72dfc9eef6abeae9498665afc4057693adefeb6f67a6677a67e6efaaaeaaaeae5131c6c043ee4d6acf2bf080e8210f881ef280e8210f88b58534f64ec8cdcd853d7bf6d4da1760413bf7129d1bab18fd7ad3b6a8a36d95a2ce4bd18e46aea3f78afb5e2a958ace5389eb38d3e0b1b2f6eddb9f0b090961d70dc49d3b776afbf5ebd7163775584ce2467d14a768453b4c3cbc4e51e72d1e94895f659d4e51a711ed28ebd48aebe41729ffb7fcb2bcc575729dd6c1fbd2d9b82f6f8584529bbd231928b94e6e43e585a412a8e1a686f63982481a8d8683889bead2d2d21debd7af1fd4ab57afd2eb06a28f8f4f40a3468dbe0a08086821f75abca9aa27f6f6e6fb54a756ab41abad7a8fb48dcfc2ebf001aea8a3ebe87caaa373a84e6e5fa7d3f1f3699fdaa6732dd529ff5b6e5faea336e5f6cdff9bb6a98e23a1b867f9ff9475e6cf5ac9aed8bef2bf95e7511d95ca978c75740e118298daa64d9bd2eb2a4ef10fb3befffefb75f8f22a41946f887ee522efcb2f4059afbca67230565f391c2beb95d75923b9defc9eac894a5b4e0df3f3ac5d276f5bfa559e673299aeb846dea77b44106394005f1710d3d3d3213939591f17170746a3f18a1b337f988a8a0a7edcfc05139597975f713e9dab7c50aa77649fdaa6fb30180c57bc34da97ff97eaa97d799fb695f5b4adbc9ece57bee8b2b2327e4c3e9ff695c0d0bef25968df917ba78e9b9797d76beedcb92dbb75eb76f0ba8178f6ecd9a051a34625040606a6e28330c58b33e00dca4f46e806e1834729802ba4cbe5f1c520bd35e5f5658a7dfa2d57d68bfdcad3491229f68d8a7d95d8af508c5706b12fd7978b63ca7de5f9e5a20d992accf6cbc4be7c7ea938a71996d715e79dc6f21f2c258a734d66f74a9deafc75e54464fd7c04e641ec415e8a97ac120f6152bcc43bb12c555cba09cb830a25c16006924129d1cceadc8512b18c5768a997b12cb67791bda1c2e9208a979be5c079f916ae2ba9e5269ade8279a231eba06e65ecebcc3b5c1db0b3bd5dc161e2cc1bd0d6456789ded747d52ea905c4dfd4a85680a8b9b54b3bd8f6eb5278ede5d1e0a6635cb53b6e624253d8bc61314c9ff49aebbaddaad35644781874e9d6114e9f3d6f49bcd64a4ef4d2487c6062a65ac1893a2f2f35184a4ad19c303abb83b82c277a0b4f8d7050a86f842ee04c10bd25b7944a96a375419c7a6b75de95ee3a72932acc0df7546c74f8401a9d16745aefbaa29d1a509e827f7020f8fbe9cd9d106e3926165db8980e070f1f87b474b27921104b04968c5a0aa01f9606070e1d8389efcd8453a753c90b45cffb04169abb3b0492a7e79a93ca5eb4dba64d9ba057af5ed6aa7db1f4c4d29f4abdb090e6d151e1505e5e018545c586bcbc828bf87b0aebd6625982e57c2d00af2396a158fa346c10dda4515cac2e3a329cfb457d7c7470f1523a1c3d76da70e6dc0502713e96cfa9832b1bf8edb7dfa067cf9e2ec18983b1fc2731e1a6a4fe7dbb41c7763743d39be240aff7e57254eda5d6e4e516343c70f878c3d56b37f65cfbd3ef2fa1c2f31656cd71572506cb94b0d0e0d10fdd7fa77640bfee90d0ac0984d70b01bd8f0f5700c8495e56560ed939799a1d3bf7b5feeccbaf3ffc63ebaefb05771e77354e1c1b533f72c6dbaf3fa71ad0af0704f8fb55aad9527baaca990e8dc68bef6ffe6307bc30fe3d387de6fcbb78e0df6e08e2c75d3bb71d37f3c3377867959e4d03972f67c3e5ac1cfe8c7abd0f20c8e0a7f7e517149796c1fb5367c34733e69fc0ddbbb01c73154eec1818e83f6de19753549d3bb686e2e252a0c98c9cbc0248c7b1b0ac9ca680802b37f5a32339c0256876f4ecd109be5b3c031e1ef6e2ebc74e9c215fec476e04e03d710dea8ffb7ce63b503f2a823f0f3df7bc45dfc1b26fd7b28cccac34d44c8dbebe3e817171318103fbf78407eeeb0f11f5c2e0bfaf8f434e5135fd70e6bc05d84e6fb816fe647942d35aa15ea32062ab9fde98f02c2b48dfcdb2cfef60bbb77ecf5e183b8c25c437360606f89fc171e1183eccb1a040ff8bad5a34636f8c1fcb8eedd9c0b25277b0dc8b3bd9cfabe731eca905d84e0b3701909c163b3ffde82d967f2985a59fdecaf6fcb58ae1f04122e73b2cddb0c46089c2128f65089635cd9b35611b56cd65799776f16bba746c43e73f2773a2bdf75e9d525d106f69181b6d3cbef727969f96c216cd9dc22223c248a59e8ba52b96702c41a2d083dd8e65118a1fd38a253339888508fed34f3dccc480ef4caa87a52948d343549a89637f97fae2d8c7528ffece2e9dfc939d3fb699ddd22989ee7f8a9debfe195e2fd4f0c7cf5fb3d2ac7d6cf157d3985aa5da87c7f5371ac4f7463ff5082bcb3ec0b6fcf23543ce23adeb5e075ec4109d4e7b79f6276ff36b37ae59c07c74ba73783cf46fbc5c52e74969988565abbf3f9c8e8d859cf878284a4c8422fccd0b0b833358f73b9637b124d5f07fa68c7be671e4c25d2ce77c32fb78cabf09c03f1db4b13fba77505fecbcbbd8e9831b5993c60d680eb6a3b341acce98484a67e72e9d5a736565ed86cd905f50b80c8f7defc0b5cb516b3bf6fccbeffed2382eb65efbb6ada071e3d8d8c3474e362700aaf9521b9258d2e9e0c14e9da061dfbe78539d01e2e2008283b19beb69229b220900b2b321f0f871885bbf3ea4c78a15c1e3cf9e3dbd1aaf9d88655f35fe2f29e9e64430a22243211b3facf9158486ed88b374deeebd87c7a0f2a38d080f855689f11ab427a93325df2863df4fa7d5c6c63588818a0a03e4e6f239e0c3426c92e8a289d0315862b17c0bd224719818c889e3762090d3a6cf5af0deca25335508a60a416c5a4d109f4190de1a3a1422468d0268dbd6d6a9b1101414859da519dc7efbbf61c284089f2fbe983364ead4a9fd737272fe8b274c73643c44fb2f3a3a3a9c3b11b1d392764d067c8a83f75bc24cacdc60346a29380a951e3a56ff467a6cfcf57ebe7ad2368985838202e8d823fefefee35ab56a159b9292621a3e7cb8fa8e3bee80679f7db65ba3468da0499326b072e54a18366c18ecdebd1bb66eddfac7e1a3a74a8b8a4a7ceb8585d0f5c10efe37e9ec333a7468f2d48c1967a14b17a38553ee15ee5aea13c89e30891c2a95b5e188c36bafbd0683060d0a1c39f299a9dbb7ff49e3e63350158b631144adb7468b8a1ab6ccb813a3a2a2a2b41a1a66109a1d78b98e9b247a5f1fd9d373c37ca7261e15c6e5b0091a35e41daaede4c99363b76ddb0623478e5493d7e2de7bef85214386c02db7dc02fffbdfff38908f3efa28ac5fbf1eb04b770ff0d7fb6a755a304a331dcc41009763bb4ffdfcf3760490e2901a6321c93842e830ff12cc4f927d2796afaf00504937df7c33ac5bb714eebe3bf229dcfdd24e47468bc95056522cb94309045fbdaf3f6e8638f8ce6ec671d08bfcaa046271096fa7e446829853505094416e25a3d1046ddbb400d4bea053a7ce92f1d8b1231c3a74886f5378636a6a2adf0e0d0d8523478e404040002424348701fdba810f8278293d93aad31d1887672177dfb564e93738e6d5133aca2e2c03b17c81e5a05014bd1443a64c5ba02a68ed152c3d38e021218fc2b26599c895dc7d36d91688f8f20fed3b780c34280e0302fca15d520bfaa3fb1c7c670ff7eb7d2b0f24a63195fcab48676e248815284637fdb4f14ff0527b41546438904894632e2922510e8aa55e979c9c0c7d51eba0df77de79079063714c298096cde32133331b8e1c3b453df2809dff7c2221a1cd13f3e77f87c07b23dffe2a740a99114c424730f733d3fe58015a3f9082ee08e83fc450f807f8f89860de3ce24c7851f842add1b7cb57ae432e2a0386cf3572d883e4231d273c30b6e8a59689f1fdee1dd897bf9bf48c2cd89972809e79db8d36f65b2170252968e093b1dfae4d229b39eb535a72c0de7cf34d3662c408be3d70e040e6ededcd66cd9ac5701c640b172e64ad5bb7611461bf7fc78f6cf627ff2531ba116ccfbdd5c73e717eddba26d8e2a32ce7b72eace2b25adcd663cc54fe092b3ad813253b790ebb6399c70a767fcc0c799fe0764f8735f4bffe02869a6e9a90d1d68cfde40f3f98c06ddcecd41dec8b59135970506089f03a2509c5cd5fd8c9642fcf4331cac846bc7c6e3bbfeec56787d3339336afbad17622d1b43b6fbf0dedbdfd6c0e821115559ffdf79d89ac5e78047b7ce830f6e967b3790c694868282b2a2a62325dba748925263667efbef9028bad1f45cac46d76fad7070f3e28dd46f11160977f4446308adb3201cbfc1e58eed6aa5b2d3d072ced6ba9ced2a3e425032bcfb25c87fa0e1303a935ba352438b08cbc4d85197bb8d3e2cf5f97b2271ebf9fa1965daed7fb9e44ee3c824adf19726c8c7dfa1f6cef5f3f70dbb208cf9ffdf1dbb4c8264d7874c01540a41ef7fbb07fdcc75d690bbf9cccee1bd487bdf2c253ac6faf5b188e19ecb597477337d3800177b02d5bb6b0e2e2620e242a384cc8bad176008cf2f686b4e49d1228e94b1180ecaadbcadd022ceb27c56d22b869784e69aa544a4e03abc8b9f2518a8e02bbb4008f5b0032371758d3a67cf0ec63e39e46a0ad6798fff9072cfdd456eeb428cf39c0ce1efa8d6ddbb88c6df965094bdefc2dbb78fc0f66cc3fcc4a2eef634752d6b1716386a254d25c52b67d238d7d99283cfffe058b577eb66bcfc1079e79ea1178ede56720323c0c4acbcbd17e2cc092079997b3e08b79cb61fffe7df0eaabafc273cf3d27af4920637bb6bd69ae5ebd20b2437b54e55057d2a0b0f216c36039be0e040a2286549d5c80569b36123b245aaab95b1f006d783c984ad09e57efc3ed54f0456b548f96ac5a0b801c0de1a89678a18544b14d0cbb545010e03d827ae4489840efd88a21ff65466676e6f051e3dfedd0b655cb7b70ac6bdb26119a346a008dd0fe53a95550565a0ea917d260cdfa4df0e7f6ddf0d3af5b8a2e5eca5885d7be2dcf605c13aa01272ae97102352a3282ddd2a523ebd82189b5beb9056bd1a2057be28927199a15eccc9933ecf2e5cb2c2b2b8b3568d0807a7b6b0794ad4d0b1648b790f11dbee7b42a8e4b5f2e894ef9162b908bd216237e455417831c985929c2cbb3d2719c5cc93256dcc72eaff362c662e4c86392d835954b85c4b209af2dc29298c8b9b1b79dfb0b149ad2422cfb2323c22ec7376d549610dfb83cae614ca19f9f5e9e042785a9a5a5065c419c5ee545898a8a6693264d66df7cf30ddbbd7b4fa5f854d298316348947e03f6038912ead58342ecd0cc8422316345d5ed14ee4331bafeca5bcc5c8d63e671ac3b002c7be3146691d0b82dd8b38e5d5ad898839d8f62faf26a3156a26293fba7b43d7d3ac8f7e828f90885a8b55070128597ca26b922889c2371e0de15161656bc78f1e2abdee1aa55ab9830ee1c71788fbaeb2ee9eff3b7e14bde216d1b4b91839620e7e529c6b9c308e28f824397243043411eb345c52776b1f465fefc5a52940af66047a990c65cfabd841d2732120a841bf19a91b3417456b4db42a3d1d81945e69ac2c2c2ab2a333278ac147902b21d68ab676f21d04a519ff311b67be11ed4f563717c0c94f68d453816eec65e81ea422e5a5e3e4dde002fff40dbae9f9bda8126f85528c0ee143a00db442bd5548ae3697d80a283a84de1b87af7dd5c711be24e2107ce0c592407788672c165e59c5104cd1ad91733e45754aba16dd76e924713390c15137cd16891959ec6c1a85dd589b99b70bf03d6e1df95a5f68280760f397493a13dfe05c547daa0ba8b0a4d676c07ed7fff5600c52202e6e187693128f7c878d74510b9ab8456169b537030f773933333c0de34534c0c346cd61c7b0472a12640bac3a2fd1217aac542b28264dc4613dc379ec0d422981f804a637ba8bd78f122cc9f3f1ff28c2a0868fd2ee46d5571ad95616731a2f0f0f2c5ffc45bef82a67ab3667c8c6be32e203a33ee3454ad56df3177ee5c3879f224078ee4356aa6dca78a75ad4c2613b9abdeb5d14622be407d284ac5fc8392d940aa46c9196cbcbf10b1a8fb959c45336130322b724f40f078d035ed64b5414adff2d5575fc1ba75eb20292909060f7e00f437df0585dff40543eecf10d8053bc54e14c7a89e14a0780d41f1dcb72f781f3902038437bd4e71a2dacfcfcf77e2c489d0b66d5b080c0c84909010ee189f366d1ab7156db8b62add7aad850182c63ae8a211b473c825384a69d0962bbb0880da248421a02ae4a0ed8b54b0e6423ca4a4a4f0428e76796dfde9d3a781a6c51e7bec317e6cf9f2e5401d8c22d2b8c7a2e5bfa0689b06b411524751d14472beb47dc79dfc94dbc14d9235399313d1d62f2fa150bc9b6ebae96a0f81a4f0d88b7949484c14ae6d1cebbc500a17a13ae47f330288467e2e2acaa1b74b867afe6a3d24170c8685d3e780565d01d2a46b1ccc9933075e78e105e88ddad1dda8a524242450c60af8fcf3cf39373ef4d043f0c1071f80d74d7de0d02fada15df714d0a33557764aea288654800e38564645419bb4346884b772aa2e81586130182a2803952542f383eb38509548c8d2b453e3f804e06910687d117958025079293e8a22f484a4517a633359349518f0013cfdfe18782c3f1b8e1f3fce4576505010729a1e4e9c38019d3b7786679e798677a853a7241c08689a49e19d44eb053fa60441f35bb193b4c7ceb24f1a770b8fe14df6a5980c085cbf1e3ad535100d68669453afb744f5d082d76ab5a1c8ad7ec275674e21fefe101543c11df9921243dc98b34902b3debd923293b35a07bab08fa1b4c56370cfa03be1c0fe7d80a64d654a95bd7bf7428f1e3df814d8c89123e181071ee0a29538b33b1e6fd1a8318905f0d1e960f7450decc3f6bb6247d1044b5dab4204dc77ef018020d25cd6d2ba0422b9ac4a8a8a8a2cfbaa708cc412848a4e90151069fe382424145f64a6a42d123706761666461e40f22c80c8a499d0b0eb086ecc0d1a7817645ece84868d1b437c939ba04f9fdea8593683e6cd9bc3e6cd9bf99ac149932655fdc325543f77ef95d8be79026454a8603f2a335d2b247bb41415282f1a32b3f058775a73081d297115d80ee1a8552012951417175bac206d15c59d0ce2054b9c88d230300835d3f2e3d2b8a7f296002471ca8e004cfc0ea0b7af1f3c2f9c01e3c68d83714f3f4d32002dccaa4416c479ca6443558e62547a62505b42850bf08fd42a13686894c671d0bbbe34feeaa2f0214ea29adc023b4c2434c57131e65accc6bbb29d586a4d9c527806b29aaf18172d51644404a8bdf18e2a0a8567c62419e3c508a0df1d000347002c5b381798b47a05e02056ecdc0d90b20790252113c5ea9d77dec94d8a975e7ac9c2343302d8288e03c8313532d02178941a8838903056238b9720c346a044888fe7815c8975cdd82f2c29b11c07444a454c0c0fd98bb5726d743da1bb9a48b1c1f12f77b36051e4bc22c4eb41b40d73727e874d9bfee26e1508463062b1cd562d4973e2e1136417929973cf3df7d899bd418e2f29866014a34c8e3f63d2f86b32d24a2380b69287a85d9d03d192efb49211ead7973d371615580a2be4efd220d96dfe6d11271c9b0cd864c93969deefd1470d3075aa588b1383edc53520414c994421021ba068bb37de78832b34ca1c6b3b76ece076a27c7fa5a5656040960fc7cbb5eda57382122405873a102957ada598f1d6ae0ea2d3c7445b20921d6703c4d07ae155431769a264b7c95e59b5c8c5317a34c08205dfc31f7f2443f7ee1daf6a64ead4a9948f0e0ad09420e07efef967d8b06103dfefd2a50b3cfef8e3923d5441b11e059083606dd9899219f59dced85c1282a846a1cfd0526ad98a337c0232b816aecc3557ab412c2c107698258a8d8db505a29f5e5f25d6548a3ba3dcbdf2324ae2d6e1c3cb91dbde818d1b575d95278decc4c58b17c3dab56b79d83db9da5e79e515e8dfbf3ff8f9f9c1b90b17e04f04f7c7356be1d0f10b30e6117c09d900e7b1fd279e0398f589d4612af031c8dc41291d9f99c9a3b6cfd41510f36c81d8b0219f57a281d192daaed1e9ae14a732f920777829f2558d1f8f0aceb235b06ad506149f03aefa9f6eddbac16db7ddc67f7d7d7d79c0f3f21f7e80858b16c1a12d5b40852a27494a8a996858a2e2be40caaa97912bf5145f3c40b982837d603f2ab2271144635d12a745d6ec44eeae41f513b5d450049a782ecfacdaa41340859389ed2b0ea268dd880aceeaffa15d320f256b05651f46a5a7cc0423c78d8515ebfa829fbf3f2a9ed110879d843ce83d10403d8297959303d367cf86795f7e0915870ef1b80b5aa3de04b957ce854d3d89fa8b1fe277388b1f3aa78de21922577a15c3af1a0d14d5b531b1302f2fcf6a2539c451a4118834989d862b7382869d43e5653f4d3b21c401c88dc1419209f8e458548ace486aa27cc1837ca83c05799f7fced373ec275b9e062e6f6fd0356800b14d9ac0a553a7408be531905682ea2921ad00ae5cd116814813267bb6c391790be096eeb7427ed3a6d20a2b951b2472713688f9b6c429b9643a77ee1c909292b242ad561bcc40f4fff65b00947a38969572a78e975711f8a3d17f09511a864786e01b2d3473b642d530cac1c9a9a8e0e07d8c85d4a877f11a02ac4452382baf515e4b7f1e8d078ab220e6c9e1704770302c6b854a4dbf7e68a316d73d100b8b6d3c35d98aa474a0061b609e039cfbed8c9202436be2f3f30b212b2b87e701f865f306d830e7539e67c592152aa7e2a71288a011783451ff3ba56ec6df620bc0811988fe786e944e17541a12b234332dad370e9d2f612902a87b20e621400ced339532fbfd152a286a8854aa433dfb76815b972f85d4ec6ce418d5551a914a01266920240b68328cd649515e0b3d804dcdc42486605f04723ada92df2e5a346ac99225a4853d00e0fa403adbd847462c2eb3e67aab29d54785281e35cdede058525592d37102d4b30ef4540e22760eeff27228c17b5fb87021dc7ffffda4f64e0537981876baef14412cb5a5a1d694060e1cc817ca3bb2a0916795072932eb9883e286ce216390a20348ec4f9f3e9da6cf868394cca14e81988f64d3f55653babd776fc80a0a824b0eac3d903f794339568ed0c7471cfc0f32604f8a0964724cb46edd9a26a65ad53510b3503b3d272f36752625a0c910ddae1dcf7c674fa4aa84886c8622f2245cf97d035b22351acba993272b8f356dca99b0615d039124d90a0a0d7436917badcfedb7f315f98edc748590836417663820528d8213f32f5c80dc7ce9c302f5a469957a750d44a2b9ab56adda337efc7870f6f78afbf7e903a7d098cfa16f4139004aa400ef948320d2f9151919902645accbf1b2417511c45c04effe499326eda0ac19478f1e755ac3492d5b823e3e9eafd2b7179e4de2910c9946625cf4528c973a6176981bfc049911b9909ce444e47785abbf7d51274004d1f9fba3aa3eb353a74e197d9083de7cf34d58b162051c38708007142bbfbde428d1344787eeddf92a7d6f3b9aaafc5dbef628868f8a7194b4140a2a3f8ca0ae110a8fd265e483e786e0f1a3c7a5987ef1953697cf657e2d6f9062179f436d75cac68d1bbb61e982fb6db0773788888808c7e24f1a6083060df88c7f7474342f9191913cf45004565df575b7fefdfac15b73e6f01ccd6a0b40ca1f43245bf10c9643080ae5ac9884bfa4b23c42f21edbcd44dbd3ebc4091880c01543d5871489738f0b1085c342579741948972b87d2d0a949494849d3d7b361c4b7472727243619ec588dffa3a9d2e18410c460003714cf2a5998fae5dbb028db164bf75edd409ca4343e15c76363434f3de1008e47e3f888091c39b5681ee420d3303c13a889a2d852cbe86f6df238307439fbbee82194386f0587df973a57ec2d39372f8b05b895367ad4f749a122a241ecd1ed32a5b9a947a0e812ccecc945600d397e3baf4eac5fe89b7be45a5621b14e54f2c0f60098c8961b7613dda896ccefcf92c2e2e8e0d1d368c277f4035977dfcf1c76cfbdebdac09d66f9512abb059584661a1909bf69d3bf3ff5abd7a3531e84fce7e48575d9fe8b43e0592eb93728593fe42a152b4f6315b9e1d215383e60b770bb495c54fd2aa60c2abaf827ee040be2032c8c78787f39f46239ec47400cd3dd6af0ff550f33460dd2778ce9358a6376e0cf94f3e09ff46f368e9a2454a4ef4f5885327004b0e5965145d1f148b33f1f743314b01421c3611acbc3b39193e9a3a15d6af5903fbf6ede36b33a8f7132813264c204f0ce85169290e0880f3a828bdf7f4d3d0af674f080fbb7209a53f028e9dc65f7cf4d9e001b1e6545c5a5a5a9c9f5ff565bf2eeddbc3d03163a0d86884603f3faefcec45b0966edf0e7138866e5bb912a64c9cc85742d11a10ca2f4785884024a2f58a140d30efd34f65cfcc5544f13aa8dcf894959591625be801b1e644e9c80a9493cda4b57e366bd61527cd9b370ffc11cca5cb96c1e38f3d06efbfff3e7cf6d967561ba5280302df5a9c2c574b753a2abeae0ea25bacbf23a553c989168d7bb43b29ce340801269bf4bbefbeab5c0da524e2c03528669f4611ba7fff7ec8ceb69e46803851afe731787eaefc72dce5a35cf9f640249b4ece17d01ec52d8528125014679a9393c36d3fcab94a2ba8c8881f306000cd19f280628a8cb303a2af07c4bf4f25c576825de85d2bbf18feecb3cff29cab342d46b13d142e397cf870e8d0a103b468d1828b4af21ed16ae273e7cec9e1945729367a3dffc845a00744272837f6269a29e48340a48061720a1058b4d0f4f9e79f8787292586056ad5aa155f0647e32989604bdc8d8a110d39a1aefc72dc654c2c768413c9f095b99180a4a5ddb367db4e2347ab892978cb5a27212e06c7330d7b40b441a5b6b448221f34dc65e546264a634deb32c856b44614f6411c478a9025128978bd3c20fe7d2a538e77d6141b7ea222191239d6297b07719aadeb468c18013366ccb038b3224c9b020f884e00d152a62a739bce1c44229ad35cb56a15d812c743870e85cccc4cf8e9a72bdda4c4d5696969846cba07c4bf4f067b9c28e6fec0fcbc7efdfa7180692ed31ad1b8475f0ca05ce5ca65e2082025a4a78f93a57a4074c298682f9655233ed04cdaa9b9b81c3d7a340f4134af53d2d8b16379e2792588f4a988ecec6c79998707c4bf49cc5ebc0e292034c3610928129734b6d1773aac118d9f6fbffd365790645ab080be9607cbc1b14f0a7940fcbb8a8dfc39074b20920df9d65b6fc1ebafbfcedd6e8e108d8f94810a5c3c73863b8168b2c789244ee91c8ba94f901e79e411183c78309f5ba4181f5b449e1c12af142a027530eef45a91d11e27ca63a23510893ef9e413fe99a1eeddbbc30f3ffc70d50c0639c367cd9ac5c746f2bb52462ab8061fe87236b98bdbcd680b1c7be2b4b2c7aad5dcc5d6ae5d3b6e7a346edc98278320ed9516c75212231a1367ce9cc9b36f10e8603d658b07c4ea2a36761f04399180b4073611cdec5318e5a04183780e38b22d295912a5f8a40c1b3257474545794074a68961cfd8270095be535b449f0524aea3447e54ac11cd6ca0c61b85edba747eb75aa3d8c8e254e93bb54624461d894c272780bfbf3f39bf835df9e5b80b88e5f6389144208d79f6ce23a244b66437da9b68a6e8b86069418607446780688fc3c8d027d79b238b78c45807172e5cb0799ec80c4959395d7a3ed15dc6c40ae2309a65b094b04169d453bef1eddbb7835ea4a7a2eb283c83b44f0acd201b91e60e29d9fcf9f3e72131d17a1245d25a636262d46837d6f780e8041029f85b6d0b4190c229c8fedbb46993438dd2b8480e726b447624b5095248ab07c4bf2b4e535353d534cb101e1ece15135aa341dc46761d710c0506cbca8da3244f161387d254147dd383b4560aaa3a76ec181c3e7cd874ead429f2d365b8b601e65a6b31ac11c9c65158e60b559fa122c3d0b663082a8b8d8d65f1f1f17c5fd8940e15bab65bb76e0c3b05438eb3740ea57f8b74f6c3b8c2f7136f04d18ceee7207d8398b27c71a39e344c5b19acec11711f151b44cb39d25dfde5b88b762ad31d707de35d4ceef052dc09445a2b73ebf5f6147940742e9171d7c203a27b8348065dc4f5d68a3d203a973a00404db38f66d5d43ef580e85cea58532514cb0b50fd6c89343159e601d179444bcb5ad6f05a0aed5e0252c2c5ea90c1c389ce25cae01f5743c5648ee0aa6d35e044830744e75173a8592a120ae9de23b637d50044a30744e7514dbf12f385629b12515567c97685479c3a976a321e5246a18d8a7dcafe7fdc03e28d218a6f695683eb5642550e77d9e6db514dc5c633263a8928b94c780decbbef2d1cdf5a8d36c86fca3c203a8742a0fa2b75291b95a595a52960f9ab0cd6141b8f3875e23d56d753f38b15439d72a29c71b00de6e144e711259ac9abe635d666b28b152687239ce8998a7212d1a46c7533c377b751b7a31a207aec4427117143753f93fe34580f6edae92e62b2b6d989b4d0f3583595a117add4513b8eacfc5541cd674d3c205a204a45fd4635af1966c5becc74b04378ecc46b40cbb0ccabc6f994c7f65f56b4ce5d0e8a71cf98780de825907ca08ed23fc0b2cb2ec5c1eb3de2f41a89554aa87fc2c1f369e6e3650bc729f4b1146a09a9ddf09ee9cb080f82e3f1a00f616963768c26882f7a40bcb1b45b70a42391c33e16b831af9adaae07c46b44e495791c1c8b481b0252a09592f67840740d5a856534d8778f51f6bef166c7f67940741d22b3e39f0e9c772f485f6a97e910b8495c695d0091683a96ffd83987d670bca678664aba77c903a26bd1442c93ed9cd3174b27b14db323a73d20ba1ebd8a6596b54a5f5f5f6fad56fb0d6e3e2a0eedaf0d0fad81da47cf83e4721b6a5e4119a28282821a3cfcf0c38b4d26132519dae5e144d724f2775252b6e5f2015a774f5faca134d1b44c5cd0589042fb0d1e105d93ca0527d207d9ded2ebf5b994599868f2e4c972ae6fca4d433134b6d6e3bbc5bca3066a2f950af3033232323a4d9b36ed4e4adab076ed5a2540f4893f72dfd5b7d2c1bd3c20ba06c5ab54aa2e5f7ffdb5799e5372d99d10a6465b0bd77983fdef4f7bc4e975a27e8cb1500b896ac9919e277e2d9156140f882e4049568eff287eadd98ae438d77940740db2b4443c0da4358b60831323c1c513f3d50510299f17256bb0b4128ae275e4ec7c34417c9cb25151d6319179ac44809cee01f1c610cde6d397d69b0bad733e965f05f7d11ce2eb70e59237fa84fc04fa0cfcce9d3b797a69012cd924991eedf4fa9297002d426c9331a8127620c5e65018234580cbd96a550a5383afb9a0f4d194a856a3d1f8190c062db8c92c476d019194100a1626779b79e4b6b7002a57ec4709b05542d4de8265da912347e0c5175fe429348d4623853a5258c762708350feda00223d43532146adb9d0548a670d12fb6427de8d652a7502caf1469f2252b449331e5b409aae72e9a0aada3026060b001d8d113509b14ac0bf23b8d812158b76235cfd05b83b88c45161507d1f2701f92c585ff748edfd25de8fb707c46b0f62755fb251981fb6f2007c0b5290b22fb8417caabb836812ca49751cd55ee29abfacd493877c12482e37e2c87c8f6273ede9a2e09800707c9d3d013445282d3dc43eb543796fd609a075a2bed003e2b5a77261fb91d9102e9e49690382856df98b339f62992b402b179dc047786c4e2bcc12f706d1d607b45c4cac9e17863d71a59fe024ad0254f3f5864c80592e4c937231fe150810af997de8ec77aab2f73190dcdc5cd8b3c7ad83a5d56600aaccb85216c1d76d163f292909a40fdf5c27103de41ebdd4431e103d74a3e9ff020c000f906d76db67bd790000000049454e44ae426082, '429.png', 'image/png', 10848),
(2, '897f34100d953ca0c65f4c781ec87c55.png', 0x89504e470d0a1a0a0000000d49484452000000710000009e0806000000056ce5870000001974455874536f6674776172650041646f626520496d616765526561647971c9653c0000032269545874584d4c3a636f6d2e61646f62652e786d7000000000003c3f787061636b657420626567696e3d22efbbbf222069643d2257354d304d7043656869487a7265537a4e54637a6b633964223f3e203c783a786d706d65746120786d6c6e733a783d2261646f62653a6e733a6d6574612f2220783a786d70746b3d2241646f626520584d5020436f726520352e302d633036302036312e3133343737372c20323031302f30322f31322d31373a33323a30302020202020202020223e203c7264663a52444620786d6c6e733a7264663d22687474703a2f2f7777772e77332e6f72672f313939392f30322f32322d7264662d73796e7461782d6e7323223e203c7264663a4465736372697074696f6e207264663a61626f75743d222220786d6c6e733a786d703d22687474703a2f2f6e732e61646f62652e636f6d2f7861702f312e302f2220786d6c6e733a786d704d4d3d22687474703a2f2f6e732e61646f62652e636f6d2f7861702f312e302f6d6d2f2220786d6c6e733a73745265663d22687474703a2f2f6e732e61646f62652e636f6d2f7861702f312e302f73547970652f5265736f75726365526566232220786d703a43726561746f72546f6f6c3d2241646f62652050686f746f73686f7020435335204d6163696e746f73682220786d704d4d3a496e7374616e636549443d22786d702e6969643a38413630384239303730344331314531383646323841343143463138343541372220786d704d4d3a446f63756d656e7449443d22786d702e6469643a3841363038423931373034433131453138364632384134314346313834354137223e203c786d704d4d3a4465726976656446726f6d2073745265663a696e7374616e636549443d22786d702e6969643a3841363038423845373034433131453138364632384134314346313834354137222073745265663a646f63756d656e7449443d22786d702e6469643a3841363038423846373034433131453138364632384134314346313834354137222f3e203c2f7264663a4465736372697074696f6e3e203c2f7264663a5244463e203c2f783a786d706d6574613e203c3f787061636b657420656e643d2272223f3e73020d09000026d44944415478daec5d097814c512aedd6c7693cd9d908b040248080184702302720a2a78a0783d05544004c5e33d15f43d8f271e5c8a020a2a020f10100511b93c1011410884fbbe09470e72dfc9eef6abeae9498665afc4057693adefeb6f67a6677a67e6efaaaeaaaeae5131c6c043ee4d6acf2bf080e8210f881ef280e8210f88b58534f64ec8cdcd853d7bf6d4da1760413bf7129d1bab18fd7ad3b6a8a36d95a2ce4bd18e46aea3f78afb5e2a958ace5389eb38d3e0b1b2f6eddb9f0b090961d70dc49d3b776afbf5ebd7163775584ce2467d14a768453b4c3cbc4e51e72d1e94895f659d4e51a711ed28ebd48aebe41729ffb7fcb2bcc575729dd6c1fbd2d9b82f6f8584529bbd231928b94e6e43e585a412a8e1a686f63982481a8d8683889bead2d2d21debd7af1fd4ab57afd2eb06a28f8f4f40a3468dbe0a08086821f75abca9aa27f6f6e6fb54a756ab41abad7a8fb48dcfc2ebf001aea8a3ebe87caaa373a84e6e5fa7d3f1f3699fdaa6732dd529ff5b6e5faea336e5f6cdff9bb6a98e23a1b867f9ff9475e6cf5ac9aed8bef2bf95e7511d95ca978c75740e118298daa64d9bd2eb2a4ef10fb3befffefb75f8f22a41946f887ee522efcb2f4059afbca67230565f391c2beb95d75923b9defc9eac894a5b4e0df3f3ac5d276f5bfa559e673299aeb846dea77b44106394005f1710d3d3d3213939591f17170746a3f18a1b337f988a8a0a7edcfc05139597975f713e9dab7c50aa77649fdaa6fb30180c57bc34da97ff97eaa97d799fb695f5b4adbc9ece57bee8b2b2327e4c3e9ff695c0d0bef25968df917ba78e9b9797d76beedcb92dbb75eb76f0ba8178f6ecd9a051a34625040606a6e28330c58b33e00dca4f46e806e1834729802ba4cbe5f1c520bd35e5f5658a7dfa2d57d68bfdcad3491229f68d8a7d95d8af508c5706b12fd7978b63ca7de5f9e5a20d992accf6cbc4be7c7ea938a71996d715e79dc6f21f2c258a734d66f74a9deafc75e54464fd7c04e641ec415e8a97ac120f6152bcc43bb12c555cba09cb830a25c16006924129d1cceadc8512b18c5768a997b12cb67791bda1c2e9208a979be5c079f916ae2ba9e5269ade8279a231eba06e65ecebcc3b5c1db0b3bd5dc161e2cc1bd0d6456789ded747d52ea905c4dfd4a85680a8b9b54b3bd8f6eb5278ede5d1e0a6635cb53b6e624253d8bc61314c9ff49aebbaddaad35644781874e9d6114e9f3d6f49bcd64a4ef4d2487c6062a65ac1893a2f2f35184a4ad19c303abb83b82c277a0b4f8d7050a86f842ee04c10bd25b7944a96a375419c7a6b75de95ee3a72932acc0df7546c74f8401a9d16745aefbaa29d1a509e827f7020f8fbe9cd9d106e3926165db8980e070f1f87b474b27921104b04968c5a0aa01f9606070e1d8389efcd8453a753c90b45cffb04169abb3b0492a7e79a93ca5eb4dba64d9ba057af5ed6aa7db1f4c4d29f4abdb090e6d151e1505e5e018545c586bcbc828bf87b0aebd6625982e57c2d00af2396a158fa346c10dda4515cac2e3a329cfb457d7c7470f1523a1c3d76da70e6dc0502713e96cfa9832b1bf8edb7dfa067cf9e2ec18983b1fc2731e1a6a4fe7dbb41c7763743d39be240aff7e57254eda5d6e4e516343c70f878c3d56b37f65cfbd3ef2fa1c2f31656cd71572506cb94b0d0e0d10fdd7fa77640bfee90d0ac0984d70b01bd8f0f5700c8495e56560ed939799a1d3bf7b5feeccbaf3ffc63ebaefb05771e77354e1c1b533f72c6dbaf3fa71ad0af0704f8fb55aad9527baaca990e8dc68bef6ffe6307bc30fe3d387de6fcbb78e0df6e08e2c75d3bb71d37f3c3377867959e4d03972f67c3e5ac1cfe8c7abd0f20c8e0a7f7e517149796c1fb5367c34733e69fc0ddbbb01c73154eec1818e83f6de19753549d3bb686e2e252a0c98c9cbc0248c7b1b0ac9ca680802b37f5a32339c0256876f4ecd109be5b3c031e1ef6e2ebc74e9c215fec476e04e03d710dea8ffb7ce63b503f2a823f0f3df7bc45dfc1b26fd7b28cccac34d44c8dbebe3e817171318103fbf78407eeeb0f11f5c2e0bfaf8f434e5135fd70e6bc05d84e6fb816fe647942d35aa15ea32062ab9fde98f02c2b48dfcdb2cfef60bbb77ecf5e183b8c25c437360606f89fc171e1183eccb1a040ff8bad5a34636f8c1fcb8eedd9c0b25277b0dc8b3bd9cfabe731eca905d84e0b3701909c163b3ffde82d967f2985a59fdecaf6fcb58ae1f04122e73b2cddb0c46089c2128f65089635cd9b35611b56cd65799776f16bba746c43e73f2773a2bdf75e9d525d106f69181b6d3cbef727969f96c216cd9dc22223c248a59e8ba52b96702c41a2d083dd8e65118a1fd38a253339888508fed34f3dccc480ef4caa87a52948d343549a89637f97fae2d8c7528ffece2e9dfc939d3fb699ddd22989ee7f8a9debfe195e2fd4f0c7cf5fb3d2ac7d6cf157d3985aa5da87c7f5371ac4f7463ff5082bcb3ec0b6fcf23543ce23adeb5e075ec4109d4e7b79f6276ff36b37ae59c07c74ba73783cf46fbc5c52e74969988565abbf3f9c8e8d859cf878284a4c8422fccd0b0b833358f73b9637b124d5f07fa68c7be671e4c25d2ce77c32fb78cabf09c03f1db4b13fba77505fecbcbbd8e9831b5993c60d680eb6a3b341acce98484a67e72e9d5a736565ed86cd905f50b80c8f7defc0b5cb516b3bf6fccbeffed2382eb65efbb6ada071e3d8d8c3474e362700aaf9521b9258d2e9e0c14e9da061dfbe78539d01e2e2008283b19beb69229b220900b2b321f0f871885bbf3ea4c78a15c1e3cf9e3dbd1aaf9d88655f35fe2f29e9e64430a22243211b3facf9158486ed88b374deeebd87c7a0f2a38d080f855689f11ab427a93325df2863df4fa7d5c6c63588818a0a03e4e6f239e0c3426c92e8a289d0315862b17c0bd224719818c889e3762090d3a6cf5af0deca25335508a60a416c5a4d109f4190de1a3a1422468d0268dbd6d6a9b1101414859da519dc7efbbf61c284089f2fbe983364ead4a9fd737272fe8b274c73643c44fb2f3a3a3a9c3b11b1d392764d067c8a83f75bc24cacdc60346a29380a951e3a56ff467a6cfcf57ebe7ad2368985838202e8d823fefefee35ab56a159b9292621a3e7cb8fa8e3bee80679f7db65ba3468da0499326b072e54a18366c18ecdebd1bb66eddfac7e1a3a74a8b8a4a7ceb8585d0f5c10efe37e9ec333a7468f2d48c1967a14b17a38553ee15ee5aea13c89e30891c2a95b5e188c36bafbd0683060d0a1c39f299a9dbb7ff49e3e63350158b631144adb7468b8a1ab6ccb813a3a2a2a2b41a1a66109a1d78b98e9b247a5f1fd9d373c37ca7261e15c6e5b0091a35e41daaede4c99363b76ddb0623478e5493d7e2de7bef85214386c02db7dc02fffbdfff38908f3efa28ac5fbf1eb04b770ff0d7fb6a755a304a331dcc41009763bb4ffdfcf3760490e2901a6321c93842e830ff12cc4f927d2796afaf00504937df7c33ac5bb714eebe3bf229dcfdd24e47468bc95056522cb94309045fbdaf3f6e8638f8ce6ec671d08bfcaa046271096fa7e446829853505094416e25a3d1046ddbb400d4bea053a7ce92f1d8b1231c3a74886f5378636a6a2adf0e0d0d8523478e404040002424348701fdba810f8278293d93aad31d1887672177dfb564e93738e6d5133aca2e2c03b17c81e5a05014bd1443a64c5ba02a68ed152c3d38e021218fc2b26599c895dc7d36d91688f8f20fed3b780c34280e0302fca15d520bfaa3fb1c7c670ff7eb7d2b0f24a63195fcab48676e248815284637fdb4f14ff0527b41546438904894632e2922510e8aa55e979c9c0c7d51eba0df77de79079063714c298096cde32133331b8e1c3b453df2809dff7c2221a1cd13f3e77f87c07b23dffe2a740a99114c424730f733d3fe58015a3f9082ee08e83fc450f807f8f89860de3ce24c7851f842add1b7cb57ae432e2a0386cf3572d883e4231d273c30b6e8a59689f1fdee1dd897bf9bf48c2cd89972809e79db8d36f65b2170252968e093b1dfae4d229b39eb535a72c0de7cf34d3662c408be3d70e040e6ededcd66cd9ac5701c640b172e64ad5bb7611461bf7fc78f6cf627ff2531ba116ccfbdd5c73e717eddba26d8e2a32ce7b72eace2b25adcd663cc54fe092b3ad813253b790ebb6399c70a767fcc0c799fe0764f8735f4bffe02869a6e9a90d1d68cfde40f3f98c06ddcecd41dec8b59135970506089f03a2509c5cd5fd8c9642fcf4331cac846bc7c6e3bbfeec56787d3339336afbad17622d1b43b6fbf0dedbdfd6c0e821115559ffdf79d89ac5e78047b7ce830f6e967b3790c694868282b2a2a62325dba748925263667efbef9028bad1f45cac46d76fad7070f3e28dd46f11160977f4446308adb3201cbfc1e58eed6aa5b2d3d072ced6ba9ced2a3e425032bcfb25c87fa0e1303a935ba352438b08cbc4d85197bb8d3e2cf5f97b2271ebf9fa1965daed7fb9e44ee3c824adf19726c8c7dfa1f6cef5f3f70dbb208cf9ffdf1dbb4c8264d7874c01540a41ef7fbb07fdcc75d690bbf9cccee1bd487bdf2c253ac6faf5b188e19ecb597477337d3800177b02d5bb6b0e2e2620e242a384cc8bad176008cf2f686b4e49d1228e94b1180ecaadbcadd022ceb27c56d22b869784e69aa544a4e03abc8b9f2518a8e02bbb4008f5b0032371758d3a67cf0ec63e39e46a0ad6798fff9072cfdd456eeb428cf39c0ce1efa8d6ddbb88c6df965094bdefc2dbb78fc0f66cc3fcc4a2eef634752d6b1716386a254d25c52b67d238d7d99283cfffe058b577eb66bcfc1079e79ea1178ede56720323c0c4acbcbd17e2cc092079997b3e08b79cb61fffe7df0eaabafc273cf3d27af4920637bb6bd69ae5ebd20b2437b54e55057d2a0b0f216c36039be0e040a2286549d5c80569b36123b245aaab95b1f006d783c984ad09e57efc3ed54f0456b548f96ac5a0b801c0de1a89678a18544b14d0cbb545010e03d827ae4489840efd88a21ff65466676e6f051e3dfedd0b655cb7b70ac6bdb26119a346a008dd0fe53a95550565a0ea917d260cdfa4df0e7f6ddf0d3af5b8a2e5eca5885d7be2dcf605c13aa01272ae97102352a3282ddd2a523ebd82189b5beb9056bd1a2057be28927199a15eccc9933ecf2e5cb2c2b2b8b3568d0807a7b6b0794ad4d0b1648b790f11dbee7b42a8e4b5f2e894ef9162b908bd216237e455417831c985929c2cbb3d2719c5cc93256dcc72eaff362c662e4c86392d835954b85c4b209af2dc29298c8b9b1b79dfb0b149ad2422cfb2323c22ec7376d549610dfb83cae614ca19f9f5e9e042785a9a5a5065c419c5ee545898a8a6693264d66df7cf30ddbbd7b4fa5f854d298316348947e03f6038912ead58342ecd0cc8422316345d5ed14ee4331bafeca5bcc5c8d63e671ac3b002c7be3146691d0b82dd8b38e5d5ad898839d8f62faf26a3156a26293fba7b43d7d3ac8f7e828f90885a8b55070128597ca26b922889c2371e0de15161656bc78f1e2abdee1aa55ab9830ee1c71788fbaeb2ee9eff3b7e14bde216d1b4b91839620e7e529c6b9c308e28f824397243043411eb345c52776b1f465fefc5a52940af66047a990c65cfabd841d2732120a841bf19a91b3417456b4db42a3d1d81945e69ac2c2c2ab2a333278ac147902b21d68ab676f21d04a519ff311b67be11ed4f563717c0c94f68d453816eec65e81ea422e5a5e3e4dde002fff40dbae9f9bda8126f85528c0ee143a00db442bd5548ae3697d80a283a84de1b87af7dd5c711be24e2107ce0c592407788672c165e59c5104cd1ad91733e45754aba16dd76e924713390c15137cd16891959ec6c1a85dd589b99b70bf03d6e1df95a5f68280760f397493a13dfe05c547daa0ba8b0a4d676c07ed7fff5600c52202e6e187693128f7c878d74510b9ab8456169b537030f773933333c0de34534c0c346cd61c7b0472a12640bac3a2fd1217aac542b28264dc4613dc379ec0d422981f804a637ba8bd78f122cc9f3f1ff28c2a0868fd2ee46d5571ad95616731a2f0f0f2c5ffc45bef82a67ab3667c8c6be32e203a33ee3454ad56df3177ee5c3879f224078ee4356aa6dca78a75ad4c2613b9abdeb5d14622be407d284ac5fc8392d940aa46c9196cbcbf10b1a8fb959c45336130322b724f40f078d035ed64b5414adff2d5575fc1ba75eb20292909060f7e00f437df0585dff40543eecf10d8053bc54e14c7a89e14a0780d41f1dcb72f781f3902038437bd4e71a2dacfcfcf77e2c489d0b66d5b080c0c84909010ee189f366d1ab7156db8b62add7aad850182c63ae8a211b473c825384a69d0962bbb0880da248421a02ae4a0ed8b54b0e6423ca4a4a4f0428e76796dfde9d3a781a6c51e7bec317e6cf9f2e5401d8c22d2b8c7a2e5bfa0689b06b411524751d14472beb47dc79dfc94dbc14d9235399313d1d62f2fa150bc9b6ebae96a0f81a4f0d88b7949484c14ae6d1cebbc500a17a13ae47f330288467e2e2acaa1b74b867afe6a3d24170c8685d3e780565d01d2a46b1ccc9933075e78e105e88ddad1dda8a524242450c60af8fcf3cf39373ef4d043f0c1071f80d74d7de0d02fada15df714d0a33557764aea288654800e38564645419bb4346884b772aa2e81586130182a2803952542f383eb38509548c8d2b453e3f804e06910687d117958025079293e8a22f484a4517a633359349518f0013cfdfe18782c3f1b8e1f3fce4576505010729a1e4e9c38019d3b7786679e798677a853a7241c08689a49e19d44eb053fa60441f35bb193b4c7ceb24f1a770b8fe14df6a5980c085cbf1e3ad535100d68669453afb744f5d082d76ab5a1c8ad7ec275674e21fefe101543c11df9921243dc98b34902b3debd923293b35a07bab08fa1b4c56370cfa03be1c0fe7d80a64d654a95bd7bf7428f1e3df814d8c89123e181071ee0a29538b33b1e6fd1a8318905f0d1e960f7450decc3f6bb6247d1044b5dab4204dc77ef018020d25cd6d2ba0422b9ac4a8a8a8a2cfbaa708cc412848a4e90151069fe382424145f64a6a42d123706761666461e40f22c80c8a499d0b0eb086ecc0d1a7817645ece84868d1b437c939ba04f9fdea8593683e6cd9bc3e6cd9bf99ac149932655fdc325543f77ef95d8be79026454a8603f2a335d2b247bb41415282f1a32b3f058775a73081d297115d80ee1a8552012951417175bac206d15c59d0ce2054b9c88d230300835d3f2e3d2b8a7f296002471ca8e004cfc0ea0b7af1f3c2f9c01e3c68d83714f3f4d32002dccaa4416c479ca6443558e62547a62505b42850bf08fd42a13686894c671d0bbbe34feeaa2f0214ea29adc023b4c2434c57131e65accc6bbb29d586a4d9c527806b29aaf18172d51644404a8bdf18e2a0a8567c62419e3c508a0df1d000347002c5b381798b47a05e02056ecdc0d90b20790252113c5ea9d77dec94d8a975e7ac9c2343302d8288e03c8313532d02178941a8838903056238b9720c346a044888fe7815c8975cdd82f2c29b11c07444a454c0c0fd98bb5726d743da1bb9a48b1c1f12f77b36051e4bc22c4eb41b40d73727e874d9bfee26e1508463062b1cd562d4973e2e1136417929973cf3df7d899bd418e2f29866014a34c8e3f63d2f86b32d24a2380b69287a85d9d03d192efb49211ead7973d371615580a2be4efd220d96dfe6d11271c9b0cd864c93969deefd1470d3075aa588b1383edc53520414c994421021ba068bb37de78832b34ca1c6b3b76ece076a27c7fa5a5656040960fc7cbb5eda57382122405873a102957ada598f1d6ae0ea2d3c7445b20921d6703c4d07ae155431769a264b7c95e59b5c8c5317a34c08205dfc31f7f2443f7ee1daf6a64ead4a9948f0e0ad09420e07efef967d8b06103dfefd2a50b3cfef8e3923d5441b11e059083606dd9899219f59dced85c1282a846a1cfd0526ad98a337c0232b816aecc3557ab412c2c107698258a8d8db505a29f5e5f25d6548a3ba3dcbdf2324ae2d6e1c3cb91dbde818d1b575d95278decc4c58b17c3dab56b79d83db9da5e79e515e8dfbf3ff8f9f9c1b90b17e04f04f7c7356be1d0f10b30e6117c09d900e7b1fd279e0398f589d4612af031c8dc41291d9f99c9a3b6cfd41510f36c81d8b0219f57a281d192daaed1e9ae14a732f920777829f2558d1f8f0aceb235b06ad506149f03aefa9f6eddbac16db7ddc67f7d7d7d79c0f3f21f7e80858b16c1a12d5b40852a27494a8a996858a2e2be40caaa97912bf5145f3c40b982837d603f2ab2271144635d12a745d6ec44eeae41f513b5d450049a782ecfacdaa41340859389ed2b0ea268dd880aceeaffa15d320f256b05651f46a5a7cc0423c78d8515ebfa829fbf3f2a9ed110879d843ce83d10403d8297959303d367cf86795f7e0915870ef1b80b5aa3de04b957ce854d3d89fa8b1fe277388b1f3aa78de21922577a15c3af1a0d14d5b531b1302f2fcf6a2539c451a4118834989d862b7382869d43e5653f4d3b21c401c88dc1419209f8e458548ace486aa27cc1837ca83c05799f7fced373ec275b9e062e6f6fd0356800b14d9ac0a553a7408be531905682ea2921ad00ae5cd116814813267bb6c391790be096eeb7427ed3a6d20a2b951b2472713688f9b6c429b9643a77ee1c909292b242ad561bcc40f4fff65b00947a38969572a78e975711f8a3d17f09511a864786e01b2d3473b642d530cac1c9a9a8e0e07d8c85d4a877f11a02ac4452382baf515e4b7f1e8d078ab220e6c9e1704770302c6b854a4dbf7e68a316d73d100b8b6d3c35d98aa474a0061b609e039cfbed8c9202436be2f3f30b212b2b87e701f865f306d830e7539e67c592152aa7e2a71288a011783451ff3ba56ec6df620bc0811988fe786e944e17541a12b234332dad370e9d2f612902a87b20e621400ced339532fbfd152a286a8854aa433dfb76815b972f85d4ec6ce418d5551a914a01266920240b68328cd649515e0b3d804dcdc42486605f04723ada92df2e5a346ac99225a4853d00e0fa403adbd847462c2eb3e67aab29d54785281e35cdede058525592d37102d4b30ef4540e22760eeff27228c17b5fb87021dc7ffffda4f64e0537981876baef14412cb5a5a1d694060e1cc817ca3bb2a0916795072932eb9883e286ce216390a20348ec4f9f3e9da6cf868394cca14e81988f64d3f55653babd776fc80a0a824b0eac3d903f794339568ed0c7471cfc0f32604f8a0964724cb46edd9a26a65ad53510b3503b3d272f36752625a0c910ddae1dcf7c674fa4aa84886c8622f2245cf97d035b22351acba993272b8f356dca99b0615d039124d90a0a0d7436917badcfedb7f315f98edc748590836417663820528d8213f32f5c80dc7ce9c302f5a469957a750d44a2b9ab56adda337efc7870f6f78afbf7e903a7d098cfa16f4139004aa400ef948320d2f9151919902645accbf1b2417511c45c04effe499326eda0ac19478f1e755ac3492d5b823e3e9eafd2b7179e4de2910c9946625cf4528c973a6176981bfc049911b9909ce444e47785abbf7d51274004d1f9fba3aa3eb353a74e197d9083de7cf34d58b162051c38708007142bbfbde428d1344787eeddf92a7d6f3b9aaafc5dbef628868f8a7194b4140a2a3f8ca0ae110a8fd265e483e786e0f1a3c7a5987ef1953697cf657e2d6f9062179f436d75cac68d1bbb61e982fb6db0773788888808c7e24f1a6083060df88c7f7474342f9191913cf45004565df575b7fefdfac15b73e6f01ccd6a0b40ca1f43245bf10c9643080ae5ac9884bfa4b23c42f21edbcd44dbd3ebc4091880c01543d5871489738f0b1085c342579741948972b87d2d0a949494849d3d7b361c4b7472727243619ec588dffa3a9d2e18410c460003714cf2a5998fae5dbb028db164bf75edd409ca4343e15c76363434f3de1008e47e3f888091c39b5681ee420d3303c13a889a2d852cbe86f6df238307439fbbee82194386f0587df973a57ec2d39372f8b05b895367ad4f749a122a241ecd1ed32a5b9a947a0e812ccecc945600d397e3baf4eac5fe89b7be45a5621b14e54f2c0f60098c8961b7613dda896ccefcf92c2e2e8e0d1d368c277f4035977dfcf1c76cfbdebdac09d66f9512abb059584661a1909bf69d3bf3ff5abd7a3531e84fce7e48575d9fe8b43e0592eb93728593fe42a152b4f6315b9e1d215383e60b770bb495c54fd2aa60c2abaf827ee040be2032c8c78787f39f46239ec47400cd3dd6af0ff550f33460dd2778ce9358a6376e0cf94f3e09ff46f368e9a2454a4ef4f5885327004b0e5965145d1f148b33f1f743314b01421c3611acbc3b39193e9a3a15d6af5903fbf6ede36b33a8f7132813264c204f0ce85169290e0880f3a828bdf7f4d3d0af674f080fbb7209a53f028e9dc65f7cf4d9e001b1e6545c5a5a5a9c9f5ff565bf2eeddbc3d03163a0d86884603f3faefcec45b0966edf0e7138866e5bb912a64c9cc85742d11a10ca2f4785884024a2f58a140d30efd34f65cfcc5544f13aa8dcf894959591625be801b1e644e9c80a9493cda4b57e366bd61527cd9b370ffc11cca5cb96c1e38f3d06efbfff3e7cf6d967561ba5280302df5a9c2c574b753a2abeae0ea25bacbf23a553c989168d7bb43b29ce340801269bf4bbefbeab5c0da524e2c03528669f4611ba7fff7ec8ceb69e46803851afe731787eaefc72dce5a35cf9f640249b4ece17d01ec52d8528125014679a9393c36d3fcab94a2ba8c8881f306000cd19f280628a8cb303a2af07c4bf4f25c576825de85d2bbf18feecb3cff29cab342d46b13d142e397cf870e8d0a103b468d1828b4af21ed16ae273e7cec9e1945729367a3dffc845a00744272837f6269a29e48340a48061720a1058b4d0f4f9e79f8787292586056ad5aa155f0647e32989604bdc8d8a110d39a1aefc72dc654c2c768413c9f095b99180a4a5ddb367db4e2347ab892978cb5a27212e06c7330d7b40b441a5b6b448221f34dc65e546264a634deb32c856b44614f6411c478a9025128978bd3c20fe7d2a538e77d6141b7ea222191239d6297b07719aadeb468c18013366ccb038b3224c9b020f884e00d152a62a739bce1c44229ad35cb56a15d812c743870e85cccc4cf8e9a72bdda4c4d5696969846cba07c4bf4f067b9c28e6fec0fcbc7efdfa7180692ed31ad1b8475f0ca05ce5ca65e2082025a4a78f93a57a4074c298682f9655233ed04cdaa9b9b81c3d7a340f4134af53d2d8b16379e2792588f4a988ecec6c79998707c4bf49cc5ebc0e292034c3610928129734b6d1773aac118d9f6fbffd365790645ab080be9607cbc1b14f0a7940fcbb8a8dfc39074b20920df9d65b6fc1ebafbfcedd6e8e108d8f94810a5c3c73863b8168b2c789244ee91c8ba94f901e79e411183c78309f5ba4181f5b449e1c12af142a027530eef45a91d11e27ca63a23510893ef9e413fe99a1eeddbbc30f3ffc70d50c0639c367cd9ac5c746f2bb52462ab8061fe87236b98bdbcd680b1c7be2b4b2c7aad5dcc5d6ae5d3b6e7a346edc98278320ed9516c75212231a1367ce9cc9b36f10e8603d658b07c4ea2a36761f04399180b4073611cdec5318e5a04183780e38b22d295912a5f8a40c1b3257474545794074a68961cfd8270095be535b449f0524aea3447e54ac11cd6ca0c61b85edba747eb75aa3d8c8e254e93bb54624461d894c272780bfbf3f39bf835df9e5b80b88e5f6389144208d79f6ce23a244b66437da9b68a6e8b86069418607446780688fc3c8d027d79b238b78c45807172e5cb0799ec80c4959395d7a3ed15dc6c40ae2309a65b094b04169d453bef1eddbb7835ea4a7a2eb283c83b44f0acd201b91e60e29d9fcf9f3e72131d17a1245d25a636262d46837d6f780e8041029f85b6d0b4190c229c8fedbb46993438dd2b8480e726b447624b5095248ab07c4bf2b4e535353d534cb101e1ece15135aa341dc46761d710c0506cbca8da3244f161387d254147dd383b4560aaa3a76ec181c3e7cd874ead429f2d365b8b601e65a6b31ac11c9c65158e60b559fa122c3d0b663082a8b8d8d65f1f1f17c5fd8940e15bab65bb76e0c3b05438eb3740ea57f8b74f6c3b8c2f7136f04d18ceee7207d8398b27c71a39e344c5b19acec11711f151b44cb39d25dfde5b88b762ad31d707de35d4ceef052dc09445a2b73ebf5f6147940742e9171d7c203a27b8348065dc4f5d68a3d203a973a00404db38f66d5d43ef580e85cea58532514cb0b50fd6c89343159e601d179444bcb5ad6f05a0aed5e0252c2c5ea90c1c389ce25cae01f5743c5648ee0aa6d35e044830744e75173a8592a120ae9de23b637d50044a30744e7514dbf12f385629b12515567c97685479c3a976a321e5246a18d8a7dcafe7fdc03e28d218a6f695683eb5642550e77d9e6db514dc5c633263a8928b94c780decbbef2d1cdf5a8d36c86fca3c203a8742a0fa2b75291b95a595a52960f9ab0cd6141b8f3875e23d56d753f38b15439d72a29c71b00de6e144e711259ac9abe635d666b28b152687239ce8998a7212d1a46c7533c377b751b7a31a207aec4427117143753f93fe34580f6edae92e62b2b6d989b4d0f3583595a117add4513b8eacfc5541cd674d3c205a204a45fd4635af1966c5becc74b04378ecc46b40cbb0ccabc6f994c7f65f56b4ce5d0e8a71cf98780de825907ca08ed23fc0b2cb2ec5c1eb3de2f41a89554aa87fc2c1f369e6e3650bc729f4b1146a09a9ddf09ee9cb080f82e3f1a00f616963768c26882f7a40bcb1b45b70a42391c33e16b831af9adaae07c46b44e495791c1c8b481b0252a09592f67840740d5a856534d8778f51f6bef166c7f67940741d22b3e39f0e9c772f485f6a97e910b8495c695d0091683a96ffd83987d670bca678664aba77c903a26bd1442c93ed9cd3174b27b14db323a73d20ba1ebd8a6596b54a5f5f5f6fad56fb0d6e3e2a0eedaf0d0fad81da47cf83e4721b6a5e4119a28282821a3cfcf0c38b4d26132519dae5e144d724f2775252b6e5f2015a774f5faca134d1b44c5cd0589042fb0d1e105d93ca0527d207d9ded2ebf5b994599868f2e4c972ae6fca4d433134b6d6e3bbc5bca3066a2f950af3033232323a4d9b36ed4e4adab076ed5a2540f4893f72dfd5b7d2c1bd3c20ba06c5ab54aa2e5f7ffdb5799e5372d99d10a6465b0bd77983fdef4f7bc4e975a27e8cb1500b896ac9919e277e2d9156140f882e4049568eff287eadd98ae438d77940740db2b4443c0da4358b60831323c1c513f3d50510299f17256bb0b4128ae275e4ec7c34417c9cb25151d6319179ac44809cee01f1c610cde6d397d69b0bad733e965f05f7d11ce2eb70e59237fa84fc04fa0cfcce9d3b797a69012cd924991eedf4fa9297002d426c9331a8127620c5e65018234580cbd96a550a5383afb9a0f4d194a856a3d1f8190c062db8c92c476d019194100a1626779b79e4b6b7002a57ec4709b05542d4de8265da912347e0c5175fe429348d4623853a5258c762708350feda00223d43532146adb9d0548a670d12fb6427de8d652a7502caf1469f2252b449331e5b409aae72e9a0aada3026060b001d8d113509b14ac0bf23b8d812158b76235cfd05b83b88c45161507d1f2701f92c585ff748edfd25de8fb707c46b0f62755fb251981fb6f2007c0b5290b22fb8417caabb836812ca49751cd55ee29abfacd493877c12482e37e2c87c8f6273ede9a2e09800707c9d3d013445282d3dc43eb543796fd609a075a2bed003e2b5a77261fb91d9102e9e49690382856df98b339f62992b402b179dc047786c4e2bcc12f706d1d607b45c4cac9e17863d71a59fe024ad0254f3f5864c80592e4c937231fe150810af997de8ec77aab2f73190dcdc5cd8b3c7ad83a5d56600aaccb85216c1d76d163f292909a40fdf5c27103de41ebdd4431e103d74a3e9ff020c000f906d76db67bd790000000049454e44ae426082, '429.png', 'image/png', 10848);

-- --------------------------------------------------------

--
-- テーブルの構造 `individual_messages`
--

CREATE TABLE `individual_messages` (
  `id` int(11) NOT NULL,
  `opponent_name` varchar(60) CHARACTER SET utf8 NOT NULL,
  `send_title` varchar(60) CHARACTER SET utf8 DEFAULT NULL,
  `body` varchar(300) CHARACTER SET utf8 DEFAULT NULL,
  `opponent_id` int(8) DEFAULT NULL,
  `status` int(2) NOT NULL,
  `sended_time` datetime NOT NULL,
  `message_id` int(6) NOT NULL
) ENGINE=InnoDB DEFAULT CHARSET=latin1;

--
-- テーブルのデータのダンプ `individual_messages`
--

INSERT INTO `individual_messages` (`id`, `opponent_name`, `send_title`, `body`, `opponent_id`, `status`, `sended_time`, `message_id`) VALUES
(1, 'b1', NULL, 'c1', 3, 0, '2015-10-24 12:36:32', 0),
(2, 'b2', NULL, 'c2', 4, 0, '2015-10-24 12:36:32', 0),
(3, 'b3', NULL, 'c3', 3, 0, '2015-10-24 12:36:32', 0);

-- --------------------------------------------------------

--
-- テーブルの構造 `menters`
--

CREATE TABLE `menters` (
`id` int(11) NOT NULL,
  `name` varchar(25) DEFAULT NULL,
  `gender` varchar(25) DEFAULT NULL,
  `old` int(11) NOT NULL,
  `programingskills` varchar(255) DEFAULT NULL,
  `designskills` varchar(255) DEFAULT NULL,
  `comment` varchar(255) DEFAULT NULL,
  `facebook_account` varchar(255) DEFAULT NULL,
  `google_account` varchar(255) DEFAULT NULL,
  `text_url` varchar(255) DEFAULT NULL,
  `title` varchar(255) DEFAULT NULL,
  `created` datetime DEFAULT NULL,
  `modified` datetime DEFAULT NULL
) ENGINE=InnoDB DEFAULT CHARSET=latin1;

-- --------------------------------------------------------

--
-- テーブルの構造 `messages`
--

CREATE TABLE `messages` (
`id` int(11) NOT NULL,
  `opponent_name` varchar(60) CHARACTER SET utf8 NOT NULL,
  `send_title` varchar(60) CHARACTER SET utf8 DEFAULT NULL,
  `body` varchar(300) CHARACTER SET utf8 DEFAULT NULL,
  `opponent_id` int(8) DEFAULT NULL,
  `status` varchar(30) CHARACTER SET utf8 NOT NULL,
  `sended_time` datetime NOT NULL
) ENGINE=InnoDB AUTO_INCREMENT=4 DEFAULT CHARSET=latin1;

--
-- テーブルのデータのダンプ `messages`
--

INSERT INTO `messages` (`id`, `opponent_name`, `send_title`, `body`, `opponent_id`, `status`, `sended_time`) VALUES
(1, 'b1', NULL, 'c1', 3, '', '2015-10-24 12:36:32'),
(2, 'b2', NULL, 'c2', 4, '', '2015-10-24 12:36:32'),
(3, 'b3', NULL, 'c3', 3, '', '2015-10-24 12:36:32');

-- --------------------------------------------------------

--
-- テーブルの構造 `notices`
--

CREATE TABLE `notices` (
`id` int(11) NOT NULL,
  `title` varchar(200) DEFAULT NULL,
  `body` varchar(255) DEFAULT NULL,
  `photo` varchar(200) NOT NULL,
  `photo_dir` varchar(255) NOT NULL,
  `created` datetime DEFAULT NULL,
  `modified` datetime DEFAULT NULL
) ENGINE=InnoDB AUTO_INCREMENT=3 DEFAULT CHARSET=utf8;

--
-- テーブルのデータのダンプ `notices`
--

INSERT INTO `notices` (`id`, `title`, `body`, `photo`, `photo_dir`, `created`, `modified`) VALUES
(1, '初リリース\r\n', '今後とも宜しくお願いします。', '', '', '2015-11-05 18:00:00', NULL),
(2, '使い方ガイド', '試してみて', '', '', '2015-11-05 19:00:00', NULL);

-- --------------------------------------------------------

--
-- テーブルの構造 `posts`
--

CREATE TABLE `posts` (
`id` int(10) unsigned NOT NULL,
  `title` varchar(50) COLLATE utf8_unicode_ci DEFAULT NULL,
  `body` text COLLATE utf8_unicode_ci,
  `created` datetime DEFAULT NULL,
  `modified` datetime DEFAULT NULL,
  `user_id` int(11) DEFAULT NULL,
  `teacher_id` int(11) DEFAULT NULL,
  `photo` varchar(255) COLLATE utf8_unicode_ci NOT NULL,
  `photo_dir` varchar(255) COLLATE utf8_unicode_ci NOT NULL
) ENGINE=InnoDB AUTO_INCREMENT=61 DEFAULT CHARSET=utf8 COLLATE=utf8_unicode_ci;

--
-- テーブルのデータのダンプ `posts`
--

INSERT INTO `posts` (`id`, `title`, `body`, `created`, `modified`, `user_id`, `teacher_id`, `photo`, `photo_dir`) VALUES
(19, 'cakePHP教えて', 'わからんまじで助けて', '2015-10-06 10:51:09', '2015-10-06 10:51:09', 2, NULL, '', ''),
(20, 'ds', 'dsfsdf', '2015-11-05 13:38:07', '2015-11-05 13:38:07', NULL, NULL, 'cat.jpeg', ''),
(21, 'sfds', 'sfdsf', '2015-11-05 13:40:00', '2015-11-05 13:40:00', NULL, NULL, '12.png', '21'),
(22, 'd', 'd', '2015-11-05 15:43:14', '2015-11-05 15:43:14', NULL, NULL, 'haikeiSkymugi.jpg', '22'),
(23, 'ddd', 'sdfdsf', '2015-11-06 09:50:32', '2015-11-06 09:50:32', NULL, NULL, 'スクリーンショット 2015-02-05 17.42.34.png', '23'),
(24, '詳細', '知りたい', '2015-11-09 14:56:34', '2015-11-09 14:56:34', NULL, NULL, '', ''),
(25, '詳細情報', 'です', '2015-11-09 15:11:05', '2015-11-09 15:11:05', NULL, NULL, '', ''),
(26, 'C', 'a', '2015-11-09 15:37:54', '2015-11-09 15:37:54', NULL, NULL, '', ''),
(27, 'C', 'a', '2015-11-09 15:39:50', '2015-11-09 15:39:50', NULL, NULL, '', ''),
(28, 'あああ', 'ああああああああああああああああああ', '2015-11-09 15:42:49', '2015-11-09 15:42:49', NULL, NULL, '', ''),
(29, 'C', 'a', '2015-11-09 15:43:25', '2015-11-09 15:43:25', NULL, NULL, '', ''),
(30, 'fsafsa', 'sdsfdsf', '2015-11-09 15:45:27', '2015-11-09 15:45:27', NULL, NULL, '', ''),
(31, 'a', 'C', '2015-11-09 15:50:38', '2015-11-09 15:50:38', NULL, NULL, '', ''),
(32, 'C', 'fdsfasdf', '2015-11-09 15:52:55', '2015-11-09 15:52:55', NULL, NULL, '', ''),
(33, 'C', 'fdsaf', '2015-11-09 15:54:38', '2015-11-09 15:54:38', NULL, NULL, '', ''),
(34, 'sfsd', 'sdfa', '2015-11-09 15:56:27', '2015-11-09 15:56:27', NULL, NULL, '', ''),
(35, 'sfsd', 'sdfa', '2015-11-09 15:57:29', '2015-11-09 15:57:29', NULL, NULL, '', ''),
(36, 'fdsf', 'dsfs', '2015-11-09 16:00:18', '2015-11-09 16:00:18', NULL, NULL, '', ''),
(37, 'sdf', 'dsf', '2015-11-09 16:02:31', '2015-11-09 16:02:31', NULL, NULL, '', ''),
(38, 'dsf', 'sdf', '2015-11-09 16:02:38', '2015-11-09 16:02:38', NULL, NULL, '', ''),
(39, 'sffdsf', 'safasf', '2015-11-09 16:03:57', '2015-11-09 16:03:57', NULL, NULL, '', ''),
(40, 'C', 'C!!!!!!!!!', '2015-11-09 16:19:27', '2015-11-09 16:19:27', NULL, NULL, '', ''),
(41, 'あああああ', 'あふぁｄｓｆｄさふぁｄｓｆｊｄかｓｆ', '2015-11-09 16:21:01', '2015-11-09 16:21:01', NULL, NULL, '', ''),
(42, 'C', 'C!!!!!!!!!!', '2015-11-09 16:21:13', '2015-11-09 16:21:13', NULL, NULL, '', ''),
(43, 'asdfdsflfjal;sjg', 'sadfdl:asfjdapsf', '2015-11-09 16:24:34', '2015-11-09 16:24:34', NULL, NULL, '', ''),
(44, 'dfsfd', 'ｓｄｆｓｆｄｓ', '2015-11-18 22:26:17', '2015-11-18 22:26:17', NULL, NULL, '427.png', '44'),
(45, 'ddd', 'dd', '2015-11-18 22:37:35', '2015-11-18 22:37:35', NULL, NULL, '426.png', '45'),
(46, 'dd', 'dfs', '2015-11-18 23:41:12', '2015-11-18 23:41:12', NULL, NULL, '424_key.png', '46'),
(47, 'sdf', 'sdfdsf', '2015-11-18 23:47:51', '2015-11-18 23:47:51', NULL, NULL, '427.png', '47'),
(48, 'fffd', 'test', '2015-11-19 01:16:44', '2015-11-19 01:16:44', NULL, 10, '430.png', '48'),
(49, NULL, NULL, '2015-11-19 02:40:31', '2015-11-19 02:40:31', NULL, 10, '418.png', '49'),
(50, NULL, NULL, '2015-11-19 02:43:28', '2015-11-19 02:43:28', NULL, 10, '428.png', '50'),
(51, NULL, NULL, '2015-11-19 02:48:10', '2015-11-19 02:48:10', NULL, 10, '430.png', '51'),
(52, NULL, NULL, '2015-11-19 02:51:02', '2015-11-19 02:51:02', NULL, 10, '416.png', '52'),
(53, NULL, NULL, '2015-11-19 02:53:29', '2015-11-19 02:53:29', NULL, 10, '416.png', '53'),
(54, NULL, NULL, '2015-11-19 02:55:19', '2015-11-19 02:55:19', NULL, 10, '416.png', '54'),
(55, NULL, NULL, '2015-11-19 03:01:11', '2015-11-19 03:01:11', NULL, 10, '416.png', '55'),
(56, NULL, NULL, '2015-11-19 03:04:41', '2015-11-19 03:04:41', NULL, 10, '423.png', '56'),
(57, NULL, NULL, '2015-11-19 03:05:19', '2015-11-19 03:05:19', NULL, 10, '423.png', '57'),
(58, NULL, NULL, '2015-11-19 09:51:45', '2015-11-19 09:51:45', NULL, 10, '126.png', '58'),
(59, NULL, NULL, '2015-11-22 05:05:16', '2015-11-22 05:05:16', NULL, 10, '430_key.png', '59'),
(60, NULL, NULL, '2015-11-22 05:32:09', '2015-11-22 05:32:09', NULL, 37, '426_key.png', '60');

-- --------------------------------------------------------

--
-- テーブルの構造 `profiles`
--

CREATE TABLE `profiles` (
`id` int(8) NOT NULL,
  `photo` varchar(255) DEFAULT NULL,
  `photo_dir` varchar(255) DEFAULT NULL,
  `user_id` int(8) NOT NULL,
  `teacher_id` int(11) NOT NULL
) ENGINE=InnoDB AUTO_INCREMENT=11 DEFAULT CHARSET=utf8;

--
-- テーブルのデータのダンプ `profiles`
--

INSERT INTO `profiles` (`id`, `photo`, `photo_dir`, `user_id`, `teacher_id`) VALUES
(1, 'hwheell.jpg', '1', 0, 0),
(2, 'images.jpeg', '2', 0, 0),
(3, 'fantastic.png', '3', 0, 0),
(4, '16.png', '4', 0, 0),
(5, 'cat.jpeg', '5', 0, 0),
(6, 'cat.jpeg', '6', 0, 0),
(7, '7.png', '7', 10, 0),
(8, '7.png', '8', 10, 0),
(9, '429_key.png', '9', 10, 0),
(10, '429_key.png', '10', 10, 0);

-- --------------------------------------------------------

--
-- テーブルの構造 `rectures`
--

CREATE TABLE `rectures` (
`id` int(11) NOT NULL,
  `title` varchar(80) DEFAULT NULL,
  `name` varchar(50) DEFAULT NULL,
  `junle` int(2) DEFAULT NULL,
  `language` varchar(200) DEFAULT NULL,
  `body` text,
  `created` datetime NOT NULL,
  `modified` datetime NOT NULL,
  `teacher_id` int(8) NOT NULL,
  `time` varchar(200) NOT NULL,
  `fee` int(6) NOT NULL,
  `goal` varchar(300) NOT NULL
) ENGINE=InnoDB AUTO_INCREMENT=4 DEFAULT CHARSET=utf8;

--
-- テーブルのデータのダンプ `rectures`
--

INSERT INTO `rectures` (`id`, `title`, `name`, `junle`, `language`, `body`, `created`, `modified`, `teacher_id`, `time`, `fee`, `goal`) VALUES
(1, 'php', '谷端', 3, NULL, 'なんでも教える。', '2015-11-20 00:00:00', '2015-11-20 00:00:00', 11, '', 0, ''),
(2, NULL, NULL, NULL, NULL, NULL, '2015-11-22 03:36:38', '2015-11-22 03:36:38', 0, '', 0, ''),
(3, NULL, NULL, NULL, NULL, NULL, '2015-11-22 03:36:42', '2015-11-22 03:36:42', 0, '', 0, '');

-- --------------------------------------------------------

--
-- テーブルの構造 `students`
--

CREATE TABLE `students` (
  `id` int(10) unsigned NOT NULL,
  `username` varchar(50) COLLATE utf8_unicode_ci DEFAULT NULL,
  `password` varchar(255) COLLATE utf8_unicode_ci DEFAULT NULL,
  `created` datetime DEFAULT NULL,
  `modified` datetime DEFAULT NULL,
  `gender` varchar(1) COLLATE utf8_unicode_ci DEFAULT NULL,
  `prefecture` varchar(10) COLLATE utf8_unicode_ci DEFAULT NULL,
  `job` varchar(25) COLLATE utf8_unicode_ci DEFAULT NULL,
  `language` varchar(100) COLLATE utf8_unicode_ci DEFAULT NULL,
  `email` varchar(200) COLLATE utf8_unicode_ci NOT NULL,
  `photo` varchar(300) COLLATE utf8_unicode_ci NOT NULL,
  `photo_number` int(3) NOT NULL,
  `old` int(2) NOT NULL,
  `photo_dir` varchar(255) COLLATE utf8_unicode_ci NOT NULL,
  `C` varchar(200) COLLATE utf8_unicode_ci NOT NULL,
  `java` varchar(200) COLLATE utf8_unicode_ci NOT NULL,
  `javascript` varchar(200) COLLATE utf8_unicode_ci NOT NULL,
  `C+` varchar(200) COLLATE utf8_unicode_ci NOT NULL,
  `isteacher` tinyint(1) NOT NULL,
  `fee` int(6) NOT NULL,
  `payment` int(6) NOT NULL,
  `user_id` int(8) NOT NULL
) ENGINE=InnoDB DEFAULT CHARSET=utf8 COLLATE=utf8_unicode_ci;

-- --------------------------------------------------------

--
-- テーブルの構造 `teachermatchings`
--

CREATE TABLE `teachermatchings` (
`id` int(8) NOT NULL,
  `user_name` varchar(50) NOT NULL,
  `teacher_name` varchar(50) NOT NULL,
  `user_id` int(8) NOT NULL,
  `teacher_id` int(8) NOT NULL,
  `is_matched` tinyint(1) DEFAULT NULL,
  `offer_to_me` varchar(50) NOT NULL,
  `offer_from_me` varchar(50) NOT NULL,
  `created` datetime DEFAULT NULL,
  `matching_fee` int(6) NOT NULL
) ENGINE=InnoDB AUTO_INCREMENT=66 DEFAULT CHARSET=utf8;

--
-- テーブルのデータのダンプ `teachermatchings`
--

INSERT INTO `teachermatchings` (`id`, `user_name`, `teacher_name`, `user_id`, `teacher_id`, `is_matched`, `offer_to_me`, `offer_from_me`, `created`, `matching_fee`) VALUES
(27, 'singo', '', 5, 17, NULL, '', '', '2015-11-07 00:20:01', 0),
(28, 'kazuki', '', 5, 8, NULL, '', '', '2015-11-07 00:20:56', 0),
(30, 'kazuki', '', 3, 2, NULL, '', '', '2015-11-07 11:19:55', 0),
(31, 'higashi', '', 5, 2, NULL, '', '', '2015-11-07 17:10:09', 0),
(32, '三輪', '', 5, 14, NULL, '', '', '2015-11-09 21:10:47', 0),
(33, 'しんご', '', 11, 2, NULL, '', '', '2015-11-09 21:15:11', 0),
(34, 'kazuki', '', 2, 2, NULL, '', '', '2015-11-09 22:36:11', 0),
(35, 'kazuki', '', 2, 2, NULL, '', '', '2015-11-09 22:40:01', 0),
(36, 'singo', '', 5, 10, NULL, '', '', '2015-11-09 22:43:56', 0),
(37, 'kazuki', '', 4, 2, NULL, '', '', '2015-11-09 22:44:13', 0),
(38, 'singo', '', 5, 39, NULL, '', '', '2015-11-09 22:44:22', 0),
(39, 'singo', '', 5, 39, NULL, '', '', '2015-11-09 22:46:58', 0),
(40, 'singo', '', 5, 39, NULL, '', '', '2015-11-09 23:51:17', 0),
(41, 'singo', '', 5, 39, NULL, '', '', '2015-11-09 23:52:26', 0),
(42, 'singo', '', 5, 39, NULL, '', '', '2015-11-10 00:07:11', 0),
(43, 'kazuki', '', 8, 2, NULL, '', '', '2015-11-10 00:25:08', 0),
(44, 'kazuki', '', 9, 10, NULL, '', '', '2015-11-10 00:27:46', 0),
(45, '三輪', '', 5, 14, NULL, '', '', '2015-11-10 10:28:41', 0),
(46, 'kazuki', '', 3, 10, NULL, '', '', '2015-11-10 12:45:41', 0),
(47, 'シンゴ', '', 5, 46, NULL, '', '', '2015-11-18 14:13:52', 0),
(48, '谷端', '', 5, 11, NULL, '', '', '2015-11-18 14:16:52', 0),
(49, 'しー', '', 5, 50, NULL, '', '', '2015-11-21 12:22:44', 0),
(50, 'しー', '', 32, 50, NULL, '', '', '2015-11-21 12:36:46', 0),
(51, 'tt5', '', 32, 51, NULL, '', '', '2015-11-21 12:38:20', 0),
(52, '森ちゃん', '', 32, 20, NULL, '', '', '2015-11-21 12:38:38', 0),
(53, 'あああ', '', 26, 10, NULL, '', '', '2015-11-22 02:01:02', 0),
(54, 'kazuki', '', 3, 10, NULL, '', '', '2015-11-22 10:07:18', 0),
(55, 'kazuki', '', 3, 10, NULL, '', '', '2015-11-22 12:57:46', 0),
(56, 'kazuki', '', 3, 37, NULL, '', '', '2015-11-23 11:19:07', 0),
(57, 'あああ', '', 26, 63, NULL, '', '', '2015-11-24 03:06:15', 0),
(58, 'あああ', '', 26, 63, NULL, '', '', '2015-11-24 03:10:13', 0),
(59, 'シャナ', '', 38, 63, NULL, '', '', '2015-11-24 11:11:37', 0),
(60, 'ゼクセル', '', 38, 63, NULL, '', '', '2015-11-24 12:01:59', 0),
(61, 'ゼクセル', '', 38, 63, NULL, '', '', '2015-11-24 12:02:08', 0),
(62, 'ゼクセル', '', 38, 63, NULL, '', '', '2015-11-24 12:02:08', 0),
(63, 'しんご', '', 11, 63, NULL, '', '', '2015-11-24 12:04:36', 0),
(64, 'ららばえる', 'シャナ', 24, 63, NULL, '', '', '2015-11-24 12:54:35', 0),
(65, 'ゼクセル', 'シャナ', 38, 63, NULL, '', '', '2015-11-24 12:55:31', 0);

-- --------------------------------------------------------

--
-- テーブルの構造 `teachers`
--

CREATE TABLE `teachers` (
`id` int(10) unsigned NOT NULL,
  `username` varchar(50) COLLATE utf8_unicode_ci DEFAULT NULL,
  `password` varchar(255) COLLATE utf8_unicode_ci DEFAULT NULL,
  `created` datetime DEFAULT NULL,
  `modified` datetime DEFAULT NULL,
  `gender` varchar(1) COLLATE utf8_unicode_ci DEFAULT NULL,
  `prefecture` varchar(10) COLLATE utf8_unicode_ci DEFAULT NULL,
  `job` varchar(25) COLLATE utf8_unicode_ci DEFAULT NULL,
  `language` varchar(100) COLLATE utf8_unicode_ci DEFAULT NULL,
  `email` varchar(200) COLLATE utf8_unicode_ci NOT NULL,
  `photo` varchar(300) COLLATE utf8_unicode_ci NOT NULL,
  `photo_number` int(3) NOT NULL,
  `old` int(2) NOT NULL,
  `photo_dir` varchar(255) COLLATE utf8_unicode_ci NOT NULL,
  `C` varchar(200) COLLATE utf8_unicode_ci NOT NULL,
  `java` varchar(200) COLLATE utf8_unicode_ci NOT NULL,
  `javascript` varchar(200) COLLATE utf8_unicode_ci NOT NULL,
  `C+` varchar(200) COLLATE utf8_unicode_ci NOT NULL,
  `isteacher` tinyint(1) NOT NULL,
  `fee` int(6) NOT NULL,
  `payment` int(6) NOT NULL,
  `user_id` int(8) NOT NULL
) ENGINE=InnoDB AUTO_INCREMENT=64 DEFAULT CHARSET=utf8 COLLATE=utf8_unicode_ci;

--
-- テーブルのデータのダンプ `teachers`
--

INSERT INTO `teachers` (`id`, `username`, `password`, `created`, `modified`, `gender`, `prefecture`, `job`, `language`, `email`, `photo`, `photo_number`, `old`, `photo_dir`, `C`, `java`, `javascript`, `C+`, `isteacher`, `fee`, `payment`, `user_id`) VALUES
(8, 'kazuki', '$2a$10$Wt3F.q5kc.1VGdZheY8tfeSeIP8f8v2CVjS29mzTcDYTbjksRTnNm', '2015-10-06 10:51:22', '2015-10-06 10:51:22', NULL, NULL, NULL, 'java', '', '', 0, 0, '', '', '', '', '', 0, 0, 0, 0),
(9, 'test', '$2a$10$TA/J9cmhdcLew5l.TODlReqrDAlHzqPJCuyb82uVwBSGGXcHdYha6', '2015-10-12 17:07:22', '2015-10-12 17:07:22', NULL, NULL, NULL, 'php,java', '', '', 0, 0, '', '', '', '', '', 0, 0, 0, 0),
(10, 'singo', NULL, NULL, '2015-11-19 01:27:26', '0', '', '大学生', '', '', 'スクリーンショット 2015-11-10 16.22.13.png', 2, 0, '10', '', '', '', '', 0, 0, 0, 0),
(11, '谷端', NULL, NULL, NULL, NULL, NULL, '大学生', 'swift', '', '', 0, 0, '', '', '', '', '', 0, 0, 0, 0),
(12, '森ちゃん', NULL, NULL, NULL, NULL, NULL, '大学生', 'php,java', '', '', 0, 0, '', '', '', '', '', 0, 0, 0, 0),
(13, '小島氏', NULL, NULL, NULL, NULL, NULL, '大学生', 'php', '', '', 0, 0, '', '', '', '', '', 0, 0, 0, 0),
(14, '三輪', NULL, NULL, NULL, NULL, NULL, '大学生', 'ruby', '', '', 0, 0, '', '', '', '', '', 0, 0, 0, 0),
(15, '矢神', NULL, NULL, NULL, NULL, NULL, '大学生', 'C,java,swift', '', '', 0, 0, '', '', '', '', '', 0, 0, 0, 0),
(16, '', NULL, NULL, NULL, NULL, NULL, 'エンジニア', 'C,php,java', '', '', 0, 0, '', '', '', '', '', 0, 0, 0, 0),
(17, 'singo', NULL, NULL, NULL, NULL, NULL, '大学生', 'java', '', '', 0, 0, '', '', '', '', '', 0, 0, 0, 0),
(18, 'singo', '00000', NULL, NULL, NULL, NULL, '大学生', 'php,java', '', '', 0, 0, '', '', '', '', '', 0, 0, 0, 0),
(19, '谷端', '01234', NULL, NULL, NULL, NULL, '', NULL, '', '', 0, 0, '', '', '', '', '', 0, 0, 0, 0),
(20, '森ちゃん', '23455', NULL, NULL, NULL, NULL, '大学生', NULL, '', '', 0, 0, '', '', '', '', '', 0, 0, 0, 0),
(21, '小島氏', '23456', NULL, NULL, NULL, NULL, '大学生', NULL, '', '', 0, 0, '', '', '', '', '', 0, 0, 0, 0),
(22, '三輪', '34567', NULL, NULL, NULL, NULL, '大学生', NULL, '', '', 0, 0, '', '', '', '', '', 0, 0, 0, 0),
(23, '矢神', '45678', NULL, NULL, NULL, NULL, '大学生', NULL, '', '', 0, 0, '', '', '', '', '', 0, 0, 0, 0),
(24, '笠島', '56789', NULL, NULL, NULL, NULL, 'エンジニア', NULL, 'trsei21@yahoo.co.jp', '', 0, 0, '', '', '', '', '', 0, 0, 0, 0),
(33, 'dsfs', '$2a$10$n776Nv0jCTpIGTNZz5n9f.qyykjXu3saZ83lvsseDuvcItwqVZ3tS', '2015-11-01 11:12:07', '2015-11-01 11:12:07', NULL, NULL, NULL, NULL, 'sfaf@yahoo.co.jp', '', 0, 0, '', '', '', '', '', 0, 0, 0, 0),
(38, 'singo', '$2a$10$Saof2g3qE7yBs/FCVZFKD.Ol9/jQu7mWEX73O6/K/7FnkYKRams6m', '2015-11-02 20:40:15', '2015-11-02 20:40:15', NULL, NULL, NULL, NULL, 'trsei21@yahoo.co.jp', '', 0, 0, '', '', '', '', '', 0, 0, 0, 0),
(39, 'singo', '$2a$10$NPPpiZUfpZw/RgWVSeqRa.eJVsUhmOqDaja0QocjrEZyHeOwNKblK', '2015-11-02 20:42:36', '2015-11-02 20:42:36', NULL, NULL, NULL, NULL, 'trsei21@yahoo.co.jp', '', 0, 0, '', '', '', '', '', 0, 0, 0, 0),
(45, NULL, NULL, '2015-11-13 22:24:22', '2015-11-13 22:24:22', NULL, NULL, NULL, NULL, '', 'スクリーンショット 2015-11-10 16.22.09.png', 0, 0, '45', '', '', '', '', 0, 0, 0, 0),
(46, 'シンゴ', '$2a$10$IzLX2/e.yKSN7612ghqJSuLw8IcUsf7qu2ro4gUI7Z5k3eIqK72X6', '2015-11-18 01:13:24', '2015-11-18 01:13:24', NULL, NULL, NULL, NULL, 'trsei21@yahoo.co.jp', '', 0, 0, '', '', '', '', '', 0, 0, 0, 0),
(47, 'しんご', '$2a$10$7jjSKYFYdQmDDe4KnAJvtusEATRBS6ItU4qzXESUgORWxc9umVTcy', '2015-11-18 13:59:20', '2015-11-18 13:59:20', NULL, NULL, NULL, NULL, 'trsei21@yahoo.co.jp', '', 0, 0, '', '', '', '', '', 0, 0, 0, 0),
(48, NULL, NULL, '2015-11-19 13:27:46', '2015-11-19 13:27:46', NULL, NULL, NULL, NULL, '', '', 2, 0, '', '', '', '', '', 0, 0, 0, 0),
(49, '天使', '$2a$10$35HczGr7PaAdw10tV8dSD.DVdKn1EjPY6yHAhki5kQxYxwNAuYzEm', '2015-11-19 16:47:44', '2015-11-19 16:47:44', NULL, NULL, NULL, NULL, 'trsei21@yahoo.co.jp', '', 0, 0, '', '', '', '', '', 0, 0, 0, 0),
(50, 'しー', '$2a$10$JnjE.oy18BQEi3ARHi9mz.fDTsPL6GetgPsEFbDGSMmen.y995y/K', '2015-11-19 18:53:39', '2015-11-19 18:53:39', NULL, NULL, NULL, NULL, 'trsei21@yahoo.co.jp', '', 0, 0, '', '', '', '', '', 0, 0, 0, 0),
(51, 'tt5', '$2a$10$/Asw.1ZyPhGIPv9mwfbCJ.fdVqESPOW7FTsJltOOcTmBBybS4OkWy', '2015-11-19 22:40:59', '2015-11-19 22:40:59', NULL, NULL, NULL, NULL, 't@d', '', 0, 0, '', '', '', '', '', 0, 0, 0, 0),
(52, NULL, NULL, '2015-11-20 00:02:46', '2015-11-20 00:02:46', NULL, NULL, NULL, NULL, '', '', 0, 0, '', '', '', '', '', 0, 0, 0, 0),
(53, NULL, NULL, '2015-11-21 02:51:22', '2015-11-21 02:51:22', NULL, NULL, NULL, '例.php3年（IT起業で、cakePHPを用いたWebメディアを作っていました。）', '', '', 0, 0, '', '', '', '', '', 0, 0, 0, 25),
(54, NULL, NULL, '2015-11-21 03:11:43', '2015-11-21 03:11:43', NULL, NULL, NULL, 'swift', '', '', 0, 0, '', '', '', '', '', 0, 0, 0, 26),
(55, NULL, NULL, '2015-11-21 03:17:07', '2015-11-21 03:17:07', NULL, NULL, NULL, '例.php3年（IT起業で、cakePHPを用いたWebメディアを作っていました。）', '', '', 0, 0, '', '', '', '', '', 0, 0, 0, 27),
(56, NULL, NULL, '2015-11-21 03:32:14', '2015-11-21 03:32:14', NULL, NULL, NULL, '例.php3年（IT起業で、cakePHPを用いたWebメディアを作っていました。）', '', '', 0, 0, '', '', '', '', '', 0, 0, 0, 28),
(57, NULL, NULL, '2015-11-21 03:39:50', '2015-11-21 03:39:50', NULL, NULL, NULL, '例.php3年（IT起業で、cakePHPを用いたWebメディアを作っていました。）', '', '', 0, 0, '', '', '', '', '', 0, 0, 0, 29),
(58, NULL, NULL, '2015-11-21 03:40:37', '2015-11-21 03:40:37', NULL, NULL, NULL, '例.php3年（IT起業で、cakePHPを用いたWebメディアを作っていました。）', '', '', 0, 0, '', '', '', '', '', 0, 0, 0, 30),
(59, NULL, NULL, '2015-11-21 11:04:24', '2015-11-21 11:04:24', NULL, NULL, NULL, 'swift,php', '', '', 0, 0, '', '', '', '', '', 0, 0, 0, 31),
(60, NULL, NULL, '2015-11-21 20:06:33', '2015-11-21 20:06:33', NULL, NULL, NULL, '例.php3年（IT起業で、cakePHPを用いたWebメディアを作っていました。）', '', '', 0, 0, '', '', '', '', '', 0, 0, 0, 33),
(61, NULL, NULL, '2015-11-22 01:50:48', '2015-11-22 01:50:48', NULL, NULL, NULL, '例.php3年（IT起業で、cakePHPを用いたWebメディアを作っていました。）', '', '', 0, 0, '', '', '', '', '', 0, 0, 0, 35),
(62, NULL, NULL, '2015-11-22 01:56:43', '2015-11-22 01:56:43', NULL, NULL, NULL, '例.php3年（IT起業で、cakePHPを用いたWebメディアを作っていました。）', '', '', 0, 0, '', '', '', '', '', 0, 0, 0, 36),
(63, 'シャナ', NULL, '2015-11-22 03:28:35', '2015-11-22 20:39:03', '0', '', '学生', '', '', '', 2, 25, '', '', '', '', '', 0, 0, 0, 37);

-- --------------------------------------------------------

--
-- テーブルの構造 `users`
--

CREATE TABLE `users` (
`id` int(10) unsigned NOT NULL,
  `username` varchar(50) COLLATE utf8_unicode_ci DEFAULT NULL,
  `password` varchar(255) COLLATE utf8_unicode_ci DEFAULT NULL,
  `role` varchar(20) COLLATE utf8_unicode_ci DEFAULT NULL,
  `created` datetime DEFAULT NULL,
  `modified` datetime DEFAULT NULL,
  `gender` varchar(5) COLLATE utf8_unicode_ci DEFAULT NULL,
  `old` int(5) DEFAULT NULL,
  `prefecture` varchar(10) COLLATE utf8_unicode_ci DEFAULT NULL,
  `desire_time` varchar(50) COLLATE utf8_unicode_ci DEFAULT NULL,
  `way` varchar(50) COLLATE utf8_unicode_ci DEFAULT NULL,
  `programing_skill` varchar(30) COLLATE utf8_unicode_ci DEFAULT NULL,
  `programin_lang` varchar(250) COLLATE utf8_unicode_ci DEFAULT NULL,
  `job` varchar(50) COLLATE utf8_unicode_ci DEFAULT NULL,
  `introduction` varchar(300) COLLATE utf8_unicode_ci NOT NULL,
  `photo_dir` varchar(255) COLLATE utf8_unicode_ci NOT NULL,
  `isteacher` tinyint(1) NOT NULL,
  `email` varchar(200) COLLATE utf8_unicode_ci NOT NULL,
  `teacher_id` int(8) NOT NULL,
  `recture_id` int(8) NOT NULL
) ENGINE=InnoDB AUTO_INCREMENT=39 DEFAULT CHARSET=utf8 COLLATE=utf8_unicode_ci;

--
-- テーブルのデータのダンプ `users`
--

INSERT INTO `users` (`id`, `username`, `password`, `role`, `created`, `modified`, `gender`, `old`, `prefecture`, `desire_time`, `way`, `programing_skill`, `programin_lang`, `job`, `introduction`, `photo_dir`, `isteacher`, `email`, `teacher_id`, `recture_id`) VALUES
(2, 'kazuki', '$2a$10$wWb3Bf0ZC1N2lKGWfgdQkO3/4x19xZc..W5PmEhKeqw5Gji3jDuF2', 'admin', '2015-10-02 17:14:38', '2015-10-06 09:01:43', NULL, NULL, NULL, NULL, NULL, NULL, NULL, NULL, '', '', 1, '', 0, 0),
(3, 'kazuki', '$2a$10$rYKIUkNqkz3JOue6W0eUiuw.4pqhqE2/L31V.ZDIN2OoJvm20p9aa', 'admin', '2015-10-02 17:49:41', '2015-10-02 17:49:41', NULL, NULL, NULL, NULL, NULL, NULL, NULL, NULL, '', '', 1, '', 0, 0),
(4, 'kazuki', '$2a$10$gZq4SxJqBC0vLiQDFBrQ8etM/gfkcXixdbpBDuhOlQP5RmJnhAHuu', 'admin', '2015-10-03 04:29:20', '2015-10-03 04:29:20', NULL, NULL, NULL, NULL, NULL, NULL, NULL, NULL, '', '', 1, '', 0, 0),
(5, 'higashi', '$2a$10$WSyBIffGzPF6HxhF5Rph2eTpjWxgmzI.yx1ApGj1zjndBD.cC9b5u', 'admin', '2015-10-03 06:27:45', '2015-10-03 06:27:45', NULL, NULL, NULL, NULL, NULL, NULL, NULL, '大学生', '', '', 1, '', 0, 0),
(6, 'higashi', '$2a$10$NEyCczkUreAz1X1cWu6/N.3RIsoehn5wF91Dur42j.LjgmgJjiSRm', 'admin', '2015-10-04 03:32:22', '2015-10-04 03:32:22', NULL, NULL, NULL, NULL, NULL, NULL, NULL, NULL, '', '', 1, '', 0, 0),
(7, 'kazuki', '$2a$10$RTtwVrC5e.oBd/fHOKy04u1lrgIfyaEUfhPq.ovNv2VYpft5wNtDG', 'admin', '2015-10-04 03:33:50', '2015-10-04 03:33:50', NULL, NULL, NULL, NULL, NULL, NULL, NULL, NULL, '', '', 1, '', 0, 0),
(8, 'kazuki', '$2a$10$82DMWfjCgGceEWuYZD1.1u6c33QouqHtWy1yzgTs/lwiMOhdZLq3G', 'admin', '2015-10-06 10:51:33', '2015-10-06 10:51:33', NULL, NULL, NULL, NULL, NULL, NULL, NULL, NULL, '', '', 1, '', 0, 0),
(9, 'kazuki', '$2a$10$6SjTK6ststitLLLrLW6WteaSyCfA8w/I.79J8UsaiWc1Qkhj3xLmu', 'admin', '0000-00-00 00:00:00', '2015-10-06 10:51:52', NULL, NULL, NULL, NULL, NULL, NULL, NULL, NULL, '', '', 0, '', 0, 0),
(10, 'kazuki', '$2a$10$B1W/52THdTUvhetOraw/VO0xPaquJ5ZRgDDNFgHyEEzbE61i7bBgO', 'admin', '2015-10-14 06:33:47', '2015-10-14 06:33:47', NULL, NULL, NULL, NULL, NULL, NULL, NULL, NULL, '', '', 0, '', 0, 0),
(11, 'しんご', '00000', '', '2015-10-18 18:12:57', NULL, '男', 22, '京都府', NULL, '直接又はスカイプ', '中級者レベル', 'php,iOS,MySQL,javascript', '大学生', 'こんにちは。同志社大学理工学研究科の高橋良成です。現在、APパートナーズというベンチャー企業で、新規事業の開発を行っています。プログラミング経験自体は１年強ですが、前から数学を研究などで勉強していたので、演算系は得意です。毎日研究や開発の日々で忙しいですが、機会があればよろしくお願いします。', '', 0, '', 0, 0),
(12, NULL, NULL, NULL, '2015-11-05 11:07:55', '2015-11-05 11:07:55', NULL, NULL, NULL, NULL, NULL, NULL, NULL, NULL, '', '', 0, '', 0, 0),
(13, NULL, NULL, NULL, '2015-11-05 11:08:27', '2015-11-05 11:08:27', NULL, NULL, NULL, NULL, NULL, NULL, NULL, NULL, '', '', 0, '', 0, 0),
(14, 'しんご', '$2a$10$5gD2rNq7wa4FKHD5oFsjxu4rXste7d2tOS31QdCimGyozhDimJlAG', NULL, '2015-11-18 13:59:32', '2015-11-18 13:59:32', NULL, NULL, NULL, NULL, NULL, NULL, NULL, NULL, '', '', 1, '', 0, 0),
(15, 'しん', '$2a$10$JBaGDDvWfvVtfSNwBNR7Z.t9Gl90oTOTtCeW7ZaszUV8zNSxF90rG', NULL, '2015-11-18 14:13:12', '2015-11-18 14:13:12', NULL, NULL, NULL, NULL, NULL, NULL, NULL, NULL, '', '', 1, 'trsei21@yahoo.co.jp', 0, 0),
(16, 'しん', '$2a$10$S5kj5V2PRtKekqUmAPq4V.bBhI7wjmzYUesUKbpVMTVFkkgPtbBlC', NULL, '2015-11-18 14:13:32', '2015-11-18 14:13:32', NULL, NULL, NULL, NULL, NULL, NULL, NULL, NULL, '', '', 1, 'trsei21@yahoo.co.jp', 0, 0),
(17, 'しんご', '$2a$10$Vt/DLGtNbjpyMlK6hnKXAein9uTdeEPN76JB0EYQi9EeHUPZOeneC', NULL, '2015-11-18 21:38:22', '2015-11-18 21:38:22', NULL, NULL, NULL, NULL, NULL, NULL, NULL, NULL, '', '', 1, 'trsei21@yahoo.co.jp', 0, 0),
(18, 'しん', '$2a$10$QNNZeeBniV3dq8r3msweGe2jj/ANGq0Izn33fOjMW8mMg.wNxwJGi', NULL, '2015-11-20 00:02:45', '2015-11-20 00:02:45', NULL, NULL, NULL, NULL, NULL, NULL, NULL, NULL, '', '', 0, 'zexel8716@gmail.com', 0, 0),
(19, 'fdfd', '$2a$10$3WgU49.5rhaywSOZvynO0.qK3q3KYKysvPHsRgy2E1ISkrb36vpeO', NULL, '2015-11-20 01:09:59', '2015-11-20 01:09:59', NULL, NULL, NULL, NULL, NULL, NULL, NULL, NULL, '', '', 0, 'sfsf@dffdf', 0, 0),
(20, 'あああ', '$2a$10$drjoVHfBnWZ0A25g75Yk1uPniZYPixwpvoTAC4mKbEbivQ/JjtPe2', NULL, '2015-11-20 01:10:16', '2015-11-20 01:10:16', NULL, NULL, NULL, NULL, NULL, NULL, NULL, NULL, '', '', 0, 'ffdfd@dfdfdfdfd', 0, 0),
(21, 'fdsf', '$2a$10$Pte9DjGgiauOf.VqhRqW6up15GSF5yiq/zluvmg6Lpmrw9gWfEdwS', NULL, '2015-11-20 01:19:55', '2015-11-20 01:19:55', NULL, NULL, NULL, NULL, NULL, NULL, NULL, NULL, '', '', 0, 'ff@dhghg', 0, 0),
(22, 'dd', '$2a$10$rd0tLw68ZjpcbXi1Qba9BenDXE2YYBaWlfydNuD4WaYL601XIRmK.', NULL, '2015-11-20 01:23:09', '2015-11-20 01:23:09', NULL, NULL, NULL, NULL, NULL, NULL, NULL, NULL, '', '', 0, 'mjmj@hjmh', 0, 0),
(23, 'dd', '$2a$10$75Ga0m0M4E4CDNzkYtNoiOgRE2qqwGsKU5LTkwGAJlCkJjDauMS8m', NULL, '2015-11-20 01:25:24', '2015-11-20 01:25:24', NULL, NULL, NULL, NULL, NULL, NULL, NULL, NULL, '', '', 0, 'mjmj@hjmhfd', 0, 0),
(24, 'ららばえる', '$2a$10$rMI3DxoqOy0fgvXs3bfX5.pohJn04yhx4cSNDqWXAGvovofXc1b.q', NULL, '2015-11-21 00:38:42', '2015-11-21 00:38:42', NULL, NULL, NULL, NULL, NULL, NULL, NULL, NULL, '', '', 0, 'dfsf@feerre', 0, 0),
(25, 'dsf', '$2a$10$LWE.RPNiBObsIToTnUUCDuFIvM/6uzNSBYubcUPVRSBrx9BJOlVLi', NULL, '2015-11-21 02:51:22', '2015-11-21 02:51:22', NULL, NULL, NULL, NULL, NULL, NULL, NULL, NULL, '', '', 0, 'dfs@dsf', 0, 0),
(26, 'あああ', '$2a$10$KBw8IFSRJhqHZr8XyPmdJuZMFp3IRKbCt4iRsKC1qpdiU4BIhhgde', NULL, '2015-11-21 03:11:43', '2015-11-21 03:11:43', NULL, NULL, NULL, NULL, NULL, NULL, NULL, NULL, '', '', 0, 'dfasf@fdfds', 0, 0),
(27, 'fsfd', '$2a$10$6sM.meGRhyWpsSzvbXSkye2MXygVI3eCFwh4MGbJ4btQkFfOmRKpO', NULL, '2015-11-21 03:17:06', '2015-11-21 03:17:07', NULL, NULL, NULL, NULL, NULL, NULL, NULL, NULL, '', '', 1, 'rr@ee', 0, 0),
(28, 'aaaa', '$2a$10$63t.N2cpSEZQlVd.KN2BB.EZCprQTB/HV/m2mhKNFPSbEIQ.WQq6S', NULL, '2015-11-21 03:32:13', '2015-11-21 03:32:14', NULL, NULL, NULL, NULL, NULL, NULL, NULL, NULL, '', '', 1, 'tr@gf', 0, 0),
(29, 'fdfdf', '$2a$10$mHHOodHkAd6zegxiAbUC/ep1RYo0oi1LRHxhavRP13nyJ3vrygsP6', NULL, '2015-11-21 03:39:50', '2015-11-21 03:39:50', NULL, NULL, NULL, NULL, NULL, NULL, NULL, NULL, '', '', 1, '3232@1111', 0, 0),
(30, 'dna', '$2a$10$/DFZvmKT11ES8L/HWM0hiOB9vqaa99/dUyxDVrjOS.TSbMRM40t.6', NULL, '2015-11-21 03:40:37', '2015-11-21 03:40:37', NULL, NULL, NULL, NULL, NULL, NULL, NULL, NULL, '', '', 1, 'a@a', 0, 0),
(31, 'シャナ', '$2a$10$Gf.xfhX40CrBrPS9lCfg4OvxdsR4xF2KYhs7/61EjtyibGQMeo1gS', NULL, '2015-11-21 11:04:24', '2015-11-21 11:04:24', NULL, NULL, NULL, NULL, NULL, NULL, NULL, NULL, '', '', 1, 'rr@fdf', 0, 0),
(32, 'あい', '$2a$10$r/HCGhPs/bCwiyO4J2qcDOWEXnNxk68zy3NsRTWxQK3y3uxysRA4i', NULL, '2015-11-21 12:19:56', '2015-11-21 12:19:56', NULL, NULL, NULL, NULL, NULL, NULL, NULL, NULL, '', '', 0, '1@1', 0, 0),
(33, 'w', '$2a$10$cPlcpMeLOZpbuWvHwvDQqOh//20LXD2g..2Ef9xuxrKn0IbkXBdTG', NULL, '2015-11-21 20:06:33', '2015-11-21 20:06:33', NULL, NULL, NULL, NULL, NULL, NULL, NULL, NULL, '', '', 1, 'p@p', 0, 0),
(34, 'a', '$2a$10$7r/W.Gtfg1poDevP1pL8YO5qOKshgFuPOJK6tZtqA50Nyf9z1Zy1y', NULL, '2015-11-22 00:27:07', '2015-11-22 00:27:08', NULL, NULL, NULL, NULL, NULL, NULL, NULL, NULL, '', '', 0, '2@2', 0, 0),
(35, 'しん', '$2a$10$dDFE4HaZYfeEhcagnKnlX.8G.e3nbg93eMSQQv3SxhF85.wXvUSda', NULL, '2015-11-22 01:50:47', '2015-11-22 01:50:48', NULL, NULL, NULL, NULL, NULL, NULL, NULL, NULL, '', '', 1, 'c@c', 0, 0),
(36, NULL, '$2a$10$c9zTZFXirQIQnCSXnrL7HuzsqzEVFkQ5.j/rLP69fGfkB7EmMEavy', NULL, '2015-11-22 01:56:43', '2015-11-22 01:56:43', NULL, NULL, NULL, NULL, NULL, NULL, NULL, NULL, '', '', 1, 'v@v', 0, 0),
(37, NULL, '$2a$10$GQ.QUkGcwU..fZkrEGC.AuOPCAxzGR3QdJPnPJLo/XnTlhw6hsjWq', NULL, '2015-11-22 03:28:35', '2015-11-22 03:28:35', NULL, NULL, NULL, NULL, NULL, NULL, NULL, NULL, '', '', 1, 'zerus@softbank.ne.jp', 0, 0),
(38, 'ゼクセル', '$2a$10$JExQCqnV6Plef5/r6Kv6heIbzDkDzn.slV8YXYHzRo5ifFOG3WDr2', NULL, '2015-11-24 03:16:59', '2015-11-24 03:17:00', NULL, NULL, NULL, NULL, NULL, NULL, NULL, NULL, '', '', 0, 'zexel01@i.softbank.jp', 0, 0);

-- --------------------------------------------------------

--
-- テーブルの構造 `user_matchings`
--

CREATE TABLE `user_matchings` (
`id` int(8) NOT NULL,
  `name` varchar(50) NOT NULL,
  `teacher_id` int(8) NOT NULL,
  `user_id` int(8) NOT NULL,
  `status` varchar(8) DEFAULT NULL,
  `offer_to_me` varchar(50) NOT NULL,
  `offer_from_me` varchar(50) NOT NULL,
  `matched` varchar(50) NOT NULL,
  `isRead` tinyint(1) DEFAULT NULL
) ENGINE=InnoDB AUTO_INCREMENT=3 DEFAULT CHARSET=utf8;

--
-- テーブルのデータのダンプ `user_matchings`
--

INSERT INTO `user_matchings` (`id`, `name`, `teacher_id`, `user_id`, `status`, `offer_to_me`, `offer_from_me`, `matched`, `isRead`) VALUES
(1, 'しん', 11, 0, NULL, '', '', '', NULL),
(2, 'abc', 6, 0, NULL, '', '', '', NULL);

--
-- Indexes for dumped tables
--

--
-- Indexes for table `comments`
--
ALTER TABLE `comments`
 ADD PRIMARY KEY (`id`);

--
-- Indexes for table `images`
--
ALTER TABLE `images`
 ADD PRIMARY KEY (`id`);

--
-- Indexes for table `menters`
--
ALTER TABLE `menters`
 ADD PRIMARY KEY (`id`);

--
-- Indexes for table `messages`
--
ALTER TABLE `messages`
 ADD PRIMARY KEY (`id`);

--
-- Indexes for table `notices`
--
ALTER TABLE `notices`
 ADD PRIMARY KEY (`id`);

--
-- Indexes for table `posts`
--
ALTER TABLE `posts`
 ADD PRIMARY KEY (`id`);

--
-- Indexes for table `profiles`
--
ALTER TABLE `profiles`
 ADD PRIMARY KEY (`id`);

--
-- Indexes for table `rectures`
--
ALTER TABLE `rectures`
 ADD PRIMARY KEY (`id`);

--
-- Indexes for table `teachermatchings`
--
ALTER TABLE `teachermatchings`
 ADD PRIMARY KEY (`id`);

--
-- Indexes for table `teachers`
--
ALTER TABLE `teachers`
 ADD PRIMARY KEY (`id`);

--
-- Indexes for table `users`
--
ALTER TABLE `users`
 ADD PRIMARY KEY (`id`);

--
-- Indexes for table `user_matchings`
--
ALTER TABLE `user_matchings`
 ADD PRIMARY KEY (`id`);

--
-- AUTO_INCREMENT for dumped tables
--

--
-- AUTO_INCREMENT for table `comments`
--
ALTER TABLE `comments`
MODIFY `id` int(11) NOT NULL AUTO_INCREMENT,AUTO_INCREMENT=80;
--
-- AUTO_INCREMENT for table `images`
--
ALTER TABLE `images`
MODIFY `id` int(11) NOT NULL AUTO_INCREMENT,AUTO_INCREMENT=3;
--
-- AUTO_INCREMENT for table `menters`
--
ALTER TABLE `menters`
MODIFY `id` int(11) NOT NULL AUTO_INCREMENT;
--
-- AUTO_INCREMENT for table `messages`
--
ALTER TABLE `messages`
MODIFY `id` int(11) NOT NULL AUTO_INCREMENT,AUTO_INCREMENT=4;
--
-- AUTO_INCREMENT for table `notices`
--
ALTER TABLE `notices`
MODIFY `id` int(11) NOT NULL AUTO_INCREMENT,AUTO_INCREMENT=3;
--
-- AUTO_INCREMENT for table `posts`
--
ALTER TABLE `posts`
MODIFY `id` int(10) unsigned NOT NULL AUTO_INCREMENT,AUTO_INCREMENT=61;
--
-- AUTO_INCREMENT for table `profiles`
--
ALTER TABLE `profiles`
MODIFY `id` int(8) NOT NULL AUTO_INCREMENT,AUTO_INCREMENT=11;
--
-- AUTO_INCREMENT for table `rectures`
--
ALTER TABLE `rectures`
MODIFY `id` int(11) NOT NULL AUTO_INCREMENT,AUTO_INCREMENT=4;
--
-- AUTO_INCREMENT for table `teachermatchings`
--
ALTER TABLE `teachermatchings`
MODIFY `id` int(8) NOT NULL AUTO_INCREMENT,AUTO_INCREMENT=66;
--
-- AUTO_INCREMENT for table `teachers`
--
ALTER TABLE `teachers`
MODIFY `id` int(10) unsigned NOT NULL AUTO_INCREMENT,AUTO_INCREMENT=64;
--
-- AUTO_INCREMENT for table `users`
--
ALTER TABLE `users`
MODIFY `id` int(10) unsigned NOT NULL AUTO_INCREMENT,AUTO_INCREMENT=39;
--
-- AUTO_INCREMENT for table `user_matchings`
--
ALTER TABLE `user_matchings`
MODIFY `id` int(8) NOT NULL AUTO_INCREMENT,AUTO_INCREMENT=3;